Workbook

Sheet Siniestralidad Yopal  (2)
A1: ID | B1: SOLO_DAÑOS | C1: LESIONADOS | D1: MUERTOS | E1: GRAVEDAD | F1: DIRECCION_ | G1: LATITUD | H1: LONGITUD | I1: COMUNA | J1: AREA | K1: AÑO | L1: MES | M1: FECHA | N1: DIA_DE_LA_SEMANA_ | O1: HORA_ACCIDENTE | P1: VEHICULOS_ACCIDENTADOS | Q1: VEHICULOS_ACCIDENTADOS2 | R1: MOTO | S1: MOTO_CARRO | T1: AUTOMOVIL | U1: CAMPERO | V1: CAMIONETA | W1: MICROBUS | X1: BUS | Y1: BUSETA | Z1: CAMION | AA1: TRACTOCAMION | AB1: VOLQUETA | AC1: BICICLETA | AD1: GENERO_MASCULINO | AE1: GENERO_FEMENINO | AF1: MASCULINO | AG1: FEMENINO | AH1: EDAD_LESIONADOS_CONDUCTOR_1 | AI1: EDAD_LESIONADOS_CONDUCTOR_2 | AJ1: EDAD_LESIONADOS_PASAJERO | AK1: EDAD_LESIONADOS_PEATON | AL1: EDAD_LESIONADO_ACOMÁÑANTE | AM1: EDAD_MUERTO | AN1: HIPOTESIS_1 | AO1: Descripcion_Hipotesis | AP1: HIPOTESIS_2 | AQ1: Descripcion_Hipotesis2 | AR1: Franja_Horaria
A2: 182 | B2: 0 | C2: 0 | D2: 1 | E2: =IF(D2>=1,"FALLECIDO",IF(C2>=1,"LESIONADO",IF(B2>=1,"SOLO DAÑO",""))) -> FALLECIDO | F2: CARRERA 15 # 40 | G2: 5.3189806 | H2: -72.394608 | I2: MOVILIDAD | J2: URBANO | K2: =UPPER(TEXT(M2,"YYYY")) -> 2022 | L2: =UPPER(TEXT(M2,"MMMM")) -> MAYO | M2: 44695 | N2: =UPPER(TEXT(M2,"DDDD")) -> SÁBADO | O2: 0.82638889 | P2: MOTOCICLETA | Q2: AUTOMOVIL | R2: =COUNTIF(Tabla1[[#This Row],[VEHICULOS_ACCIDENTADOS]:[VEHICULOS_ACCIDENTADOS2]],"MOTOCICLETA") -> 1 | S2: =COUNTIF(Tabla1[[#This Row],[VEHICULOS_ACCIDENTADOS]:[VEHICULOS_ACCIDENTADOS2]],"MOTOCARRO") -> 0 | T2: =COUNTIF(Tabla1[[#This Row],[VEHICULOS_ACCIDENTADOS]:[VEHICULOS_ACCIDENTADOS2]],"AUTOMOVIL") -> 1 | U2: =COUNTIF(Tabla1[[#This Row],[VEHICULOS_ACCIDENTADOS]:[VEHICULOS_ACCIDENTADOS2]],"CAMPERO") -> 0 | V2: =COUNTIF(Tabla1[[#This Row],[VEHICULOS_ACCIDENTADOS]:[VEHICULOS_ACCIDENTADOS2]],"CAMIONETA") -> 0 | W2: =COUNTIF(Tabla1[[#This Row],[VEHICULOS_ACCIDENTADOS]:[VEHICULOS_ACCIDENTADOS2]],"MICROBUS") -> 0 | X2: =COUNTIF(Tabla1[[#This Row],[VEHICULOS_ACCIDENTADOS]:[VEHICULOS_ACCIDENTADOS2]],"BUS") -> 0 | Y2: =COUNTIF(Tabla1[[#This Row],[VEHICULOS_ACCIDENTADOS]:[VEHICULOS_ACCIDENTADOS2]],"BUSETA") -> 0 | Z2: =COUNTIF(Tabla1[[#This Row],[VEHICULOS_ACCIDENTADOS]:[VEHICULOS_ACCIDENTADOS2]],"CAMION") -> 0 | AA2: =COUNTIF(Tabla1[[#This Row],[VEHICULOS_ACCIDENTADOS]:[VEHICULOS_ACCIDENTADOS2]],"TRACTOCAMION") -> 0 | AB2: =COUNTIF(Tabla1[[#This Row],[VEHICULOS_ACCIDENTADOS]:[VEHICULOS_ACCIDENTADOS2]],"VOLQUETA") -> 0 | AC2: =COUNTIF(Tabla1[[#This Row],[VEHICULOS_ACCIDENTADOS]:[VEHICULOS_ACCIDENTADOS2]],"BICICLETA") -> 0 | AE2: FEMENINO | AF2: =COUNTIF(Tabla1[[#This Row],[GENERO_MASCULINO]:[GENERO_FEMENINO]],"MASCULINO") -> 0 | AG2: =COUNTIF(Tabla1[[#This Row],[GENERO_MASCULINO]:[GENERO_FEMENINO]],"FEMENINO") -> 1 | AM2: 45 | AN2: 114 | AO2: =IFERROR(((VLOOKUP(Tabla1[[#This Row],[HIPOTESIS_1]],listas!$D$1:$E$105,2,FALSE))),"SIN INFORMACIÓN") -> Embriaguez aparente. | AP2: 141 | AQ2: =IFERROR(((VLOOKUP(Tabla1[[#This Row],[HIPOTESIS_2]],listas!$D$1:$E$105,2,FALSE))),"") -> Vehículo mal estacionado. | AR2: =IF(HOUR(Tabla1[[#This Row],[HORA_ACCIDENTE]])<6,"MAÑANA", IF(HOUR(Tabla1[[#This Row],[HORA_ACCIDENTE]])<12,"MAÑANA", IF(HOUR(Tabla1[[#This Row],[HORA_ACCIDENTE]])<18,"TARDE","NOCHE"))) -> NOCHE
A3: 789 | B3: 0 | C3: 1 | D3: 0 | E3: =IF(D3>=1,"FALLECIDO",IF(C3>=1,"LESIONADO",IF(B3>=1,"SOLO DAÑO",""))) -> LESIONADO | F3: CARRERA 15 DIAGONAL 47 | G3: 5.3150639 | H3: -72.393893 | I3: MOVILIDAD | J3: URBANO | K3: =UPPER(TEXT(M3,"YYYY")) -> 2024 | L3: =UPPER(TEXT(M3,"MMMM")) -> OCTUBRE | M3: 45576 | N3: =UPPER(TEXT(M3,"DDDD")) -> VIERNES | O3: 0.32291667 | P3: MOTOCICLETA | Q3: AUTOMOVIL | R3: =COUNTIF(Tabla1[[#This Row],[VEHICULOS_ACCIDENTADOS]:[VEHICULOS_ACCIDENTADOS2]],"MOTOCICLETA") -> 1 | S3: =COUNTIF(Tabla1[[#This Row],[VEHICULOS_ACCIDENTADOS]:[VEHICULOS_ACCIDENTADOS2]],"MOTOCARRO") -> 0 | T3: =COUNTIF(Tabla1[[#This Row],[VEHICULOS_ACCIDENTADOS]:[VEHICULOS_ACCIDENTADOS2]],"AUTOMOVIL") -> 1 | U3: =COUNTIF(Tabla1[[#This Row],[VEHICULOS_ACCIDENTADOS]:[VEHICULOS_ACCIDENTADOS2]],"CAMPERO") -> 0 | V3: =COUNTIF(Tabla1[[#This Row],[VEHICULOS_ACCIDENTADOS]:[VEHICULOS_ACCIDENTADOS2]],"CAMIONETA") -> 0 | W3: =COUNTIF(Tabla1[[#This Row],[VEHICULOS_ACCIDENTADOS]:[VEHICULOS_ACCIDENTADOS2]],"MICROBUS") -> 0 | X3: =COUNTIF(Tabla1[[#This Row],[VEHICULOS_ACCIDENTADOS]:[VEHICULOS_ACCIDENTADOS2]],"BUS") -> 0 | Y3: =COUNTIF(Tabla1[[#This Row],[VEHICULOS_ACCIDENTADOS]:[VEHICULOS_ACCIDENTADOS2]],"BUSETA") -> 0 | Z3: =COUNTIF(Tabla1[[#This Row],[VEHICULOS_ACCIDENTADOS]:[VEHICULOS_ACCIDENTADOS2]],"CAMION") -> 0 | AA3: =COUNTIF(Tabla1[[#This Row],[VEHICULOS_ACCIDENTADOS]:[VEHICULOS_ACCIDENTADOS2]],"TRACTOCAMION") -> 0 | AB3: =COUNTIF(Tabla1[[#This Row],[VEHICULOS_ACCIDENTADOS]:[VEHICULOS_ACCIDENTADOS2]],"VOLQUETA") -> 0 | AC3: =COUNTIF(Tabla1[[#This Row],[VEHICULOS_ACCIDENTADOS]:[VEHICULOS_ACCIDENTADOS2]],"BICICLETA") -> 0 | AD3: MASCULINO | AF3: =COUNTIF(Tabla1[[#This Row],[GENERO_MASCULINO]:[GENERO_FEMENINO]],"MASCULINO") -> 1 | AG3: =COUNTIF(Tabla1[[#This Row],[GENERO_MASCULINO]:[GENERO_FEMENINO]],"FEMENINO") -> 0 | AH3: 27 | AI3: 50 | AN3: 121 | AO3: =IFERROR(((VLOOKUP(Tabla1[[#This Row],[HIPOTESIS_1]],listas!$D$1:$E$105,2,FALSE))),"SIN INFORMACIÓN") -> No mantener distancia de seguridad. | AP3: 141 | AQ3: =IFERROR(((VLOOKUP(Tabla1[[#This Row],[HIPOTESIS_2]],listas!$D$1:$E$105,2,FALSE))),"") -> Vehículo mal estacionado. | AR3: =IF(HOUR(Tabla1[[#This Row],[HORA_ACCIDENTE]])<6,"MAÑANA", IF(HOUR(Tabla1[[#This Row],[HORA_ACCIDENTE]])<12,"MAÑANA", IF(HOUR(Tabla1[[#This Row],[HORA_ACCIDENTE]])<18,"TARDE","NOCHE"))) -> MAÑANA
A4: 923 | B4: 0 | C4: 0 | D4: 1 | E4: =IF(D4>=1,"FALLECIDO",IF(C4>=1,"LESIONADO",IF(B4>=1,"SOLO DAÑO",""))) -> FALLECIDO | F4: DIAGONAL 47 ENTRE CARRERAS 4-5 | G4: 5.308856 | H4: -72.405289 | I4: MOVILIDAD | J4: URBANO | K4: =UPPER(TEXT(M4,"YYYY")) -> 2025 | L4: =UPPER(TEXT(M4,"MMMM")) -> ABRIL | M4: 45751 | N4: =UPPER(TEXT(M4,"DDDD")) -> VIERNES | O4: 0.84375 | P4: MOTOCICLETA | Q4: CAMION | R4: =COUNTIF(Tabla1[[#This Row],[VEHICULOS_ACCIDENTADOS]:[VEHICULOS_ACCIDENTADOS2]],"MOTOCICLETA") -> 1 | S4: =COUNTIF(Tabla1[[#This Row],[VEHICULOS_ACCIDENTADOS]:[VEHICULOS_ACCIDENTADOS2]],"MOTOCARRO") -> 0 | T4: =COUNTIF(Tabla1[[#This Row],[VEHICULOS_ACCIDENTADOS]:[VEHICULOS_ACCIDENTADOS2]],"AUTOMOVIL") -> 0 | U4: =COUNTIF(Tabla1[[#This Row],[VEHICULOS_ACCIDENTADOS]:[VEHICULOS_ACCIDENTADOS2]],"CAMPERO") -> 0 | V4: =COUNTIF(Tabla1[[#This Row],[VEHICULOS_ACCIDENTADOS]:[VEHICULOS_ACCIDENTADOS2]],"CAMIONETA") -> 0 | W4: =COUNTIF(Tabla1[[#This Row],[VEHICULOS_ACCIDENTADOS]:[VEHICULOS_ACCIDENTADOS2]],"MICROBUS") -> 0 | X4: =COUNTIF(Tabla1[[#This Row],[VEHICULOS_ACCIDENTADOS]:[VEHICULOS_ACCIDENTADOS2]],"BUS") -> 0 | Y4: =COUNTIF(Tabla1[[#This Row],[VEHICULOS_ACCIDENTADOS]:[VEHICULOS_ACCIDENTADOS2]],"BUSETA") -> 0 | Z4: =COUNTIF(Tabla1[[#This Row],[VEHICULOS_ACCIDENTADOS]:[VEHICULOS_ACCIDENTADOS2]],"CAMION") -> 0 | AA4: =COUNTIF(Tabla1[[#This Row],[VEHICULOS_ACCIDENTADOS]:[VEHICULOS_ACCIDENTADOS2]],"TRACTOCAMION") -> 0 | AB4: =COUNTIF(Tabla1[[#This Row],[VEHICULOS_ACCIDENTADOS]:[VEHICULOS_ACCIDENTADOS2]],"VOLQUETA") -> 0 | AC4: =COUNTIF(Tabla1[[#This Row],[VEHICULOS_ACCIDENTADOS]:[VEHICULOS_ACCIDENTADOS2]],"BICICLETA") -> 0 | AD4: MASCULINO | AE4: N/A | AF4: =COUNTIF(Tabla1[[#This Row],[GENERO_MASCULINO]:[GENERO_FEMENINO]],"MASCULINO") -> 1 | AG4: =COUNTIF(Tabla1[[#This Row],[GENERO_MASCULINO]:[GENERO_FEMENINO]],"FEMENINO") -> 0 | AH4: 44 | AN4: 114 | AO4: =IFERROR(((VLOOKUP(Tabla1[[#This Row],[HIPOTESIS_1]],listas!$D$1:$E$105,2,FALSE))),"SIN INFORMACIÓN") -> Embriaguez aparente. | AP4: 141 | AQ4: =IFERROR(((VLOOKUP(Tabla1[[#This Row],[HIPOTESIS_2]],listas!$D$1:$E$105,2,FALSE))),"") -> Vehículo mal estacionado. | AR4: =IF(HOUR(Tabla1[[#This Row],[HORA_ACCIDENTE]])<6,"MAÑANA", IF(HOUR(Tabla1[[#This Row],[HORA_ACCIDENTE]])<12,"MAÑANA", IF(HOUR(Tabla1[[#This Row],[HORA_ACCIDENTE]])<18,"TARDE","NOCHE"))) -> NOCHE
A5: 346 | B5: 0 | C5: 3 | D5: 0 | E5: =IF(D5>=1,"FALLECIDO",IF(C5>=1,"LESIONADO",IF(B5>=1,"SOLO DAÑO",""))) -> LESIONADO | F5: TRANSVERSAL 15 CALLE 35 | G5: 5.3245444 | H5: -72.393758 | I5: MOVILIDAD | J5: URBANO | K5: =UPPER(TEXT(M5,"YYYY")) -> 2022 | L5: =UPPER(TEXT(M5,"MMMM")) -> OCTUBRE | M5: 44864 | N5: =UPPER(TEXT(M5,"DDDD")) -> DOMINGO | O5: 0.15625 | P5: MOTOCICLETA | Q5: AUTOMOVIL | R5: =COUNTIF(Tabla1[[#This Row],[VEHICULOS_ACCIDENTADOS]:[VEHICULOS_ACCIDENTADOS2]],"MOTOCICLETA") -> 1 | S5: =COUNTIF(Tabla1[[#This Row],[VEHICULOS_ACCIDENTADOS]:[VEHICULOS_ACCIDENTADOS2]],"MOTOCARRO") -> 0 | T5: =COUNTIF(Tabla1[[#This Row],[VEHICULOS_ACCIDENTADOS]:[VEHICULOS_ACCIDENTADOS2]],"AUTOMOVIL") -> 1 | U5: =COUNTIF(Tabla1[[#This Row],[VEHICULOS_ACCIDENTADOS]:[VEHICULOS_ACCIDENTADOS2]],"CAMPERO") -> 0 | V5: =COUNTIF(Tabla1[[#This Row],[VEHICULOS_ACCIDENTADOS]:[VEHICULOS_ACCIDENTADOS2]],"CAMIONETA") -> 0 | W5: =COUNTIF(Tabla1[[#This Row],[VEHICULOS_ACCIDENTADOS]:[VEHICULOS_ACCIDENTADOS2]],"MICROBUS") -> 0 | X5: =COUNTIF(Tabla1[[#This Row],[VEHICULOS_ACCIDENTADOS]:[VEHICULOS_ACCIDENTADOS2]],"BUS") -> 0 | Y5: =COUNTIF(Tabla1[[#This Row],[VEHICULOS_ACCIDENTADOS]:[VEHICULOS_ACCIDENTADOS2]],"BUSETA") -> 0 | Z5: =COUNTIF(Tabla1[[#This Row],[VEHICULOS_ACCIDENTADOS]:[VEHICULOS_ACCIDENTADOS2]],"CAMION") -> 0 | AA5: =COUNTIF(Tabla1[[#This Row],[VEHICULOS_ACCIDENTADOS]:[VEHICULOS_ACCIDENTADOS2]],"TRACTOCAMION") -> 0 | AB5: =COUNTIF(Tabla1[[#This Row],[VEHICULOS_ACCIDENTADOS]:[VEHICULOS_ACCIDENTADOS2]],"VOLQUETA") -> 0 | AC5: =COUNTIF(Tabla1[[#This Row],[VEHICULOS_ACCIDENTADOS]:[VEHICULOS_ACCIDENTADOS2]],"BICICLETA") -> 0 | AD5: MASCULINO | AF5: =COUNTIF(Tabla1[[#This Row],[GENERO_MASCULINO]:[GENERO_FEMENINO]],"MASCULINO") -> 1 | AG5: =COUNTIF(Tabla1[[#This Row],[GENERO_MASCULINO]:[GENERO_FEMENINO]],"FEMENINO") -> 0 | AH5: 30 | AK5: 19 | AN5: 114 | AO5: =IFERROR(((VLOOKUP(Tabla1[[#This Row],[HIPOTESIS_1]],listas!$D$1:$E$105,2,FALSE))),"SIN INFORMACIÓN") -> Embriaguez aparente. | AP5: 141 | AQ5: =IFERROR(((VLOOKUP(Tabla1[[#This Row],[HIPOTESIS_2]],listas!$D$1:$E$105,2,FALSE))),"") -> Vehículo mal estacionado. | AR5: =IF(HOUR(Tabla1[[#This Row],[HORA_ACCIDENTE]])<6,"MAÑANA", IF(HOUR(Tabla1[[#This Row],[HORA_ACCIDENTE]])<12,"MAÑANA", IF(HOUR(Tabla1[[#This Row],[HORA_ACCIDENTE]])<18,"TARDE","NOCHE"))) -> MAÑANA
A6: 1065 | B6: 0 | C6: 3 | D6: 0 | E6: =IF(D6>=1,"FALLECIDO",IF(C6>=1,"LESIONADO",IF(B6>=1,"SOLO DAÑO",""))) -> LESIONADO | F6: CARRERA 14 N # CALLE 25 | G6: 5.33217833 | H6: -72.39902 | I6: MOVILIDAD | J6: URBANO | K6: =UPPER(TEXT(M6,"YYYY")) -> 2025 | L6: =UPPER(TEXT(M6,"MMMM")) -> SEPTIEMBRE | M6: 45912 | N6: =UPPER(TEXT(M6,"DDDD")) -> VIERNES | O6: 0.62847222 | P6: MOTOCICLETA | Q6: BICICLETA | R6: =COUNTIF(Tabla1[[#This Row],[VEHICULOS_ACCIDENTADOS]:[VEHICULOS_ACCIDENTADOS2]],"MOTOCICLETA") -> 1 | S6: =COUNTIF(Tabla1[[#This Row],[VEHICULOS_ACCIDENTADOS]:[VEHICULOS_ACCIDENTADOS2]],"MOTOCARRO") -> 0 | T6: =COUNTIF(Tabla1[[#This Row],[VEHICULOS_ACCIDENTADOS]:[VEHICULOS_ACCIDENTADOS2]],"AUTOMOVIL") -> 0 | U6: =COUNTIF(Tabla1[[#This Row],[VEHICULOS_ACCIDENTADOS]:[VEHICULOS_ACCIDENTADOS2]],"CAMPERO") -> 0 | V6: =COUNTIF(Tabla1[[#This Row],[VEHICULOS_ACCIDENTADOS]:[VEHICULOS_ACCIDENTADOS2]],"CAMIONETA") -> 0 | W6: =COUNTIF(Tabla1[[#This Row],[VEHICULOS_ACCIDENTADOS]:[VEHICULOS_ACCIDENTADOS2]],"MICROBUS") -> 0 | X6: =COUNTIF(Tabla1[[#This Row],[VEHICULOS_ACCIDENTADOS]:[VEHICULOS_ACCIDENTADOS2]],"BUS") -> 0 | Y6: =COUNTIF(Tabla1[[#This Row],[VEHICULOS_ACCIDENTADOS]:[VEHICULOS_ACCIDENTADOS2]],"BUSETA") -> 0 | Z6: =COUNTIF(Tabla1[[#This Row],[VEHICULOS_ACCIDENTADOS]:[VEHICULOS_ACCIDENTADOS2]],"CAMION") -> 0 | AA6: =COUNTIF(Tabla1[[#This Row],[VEHICULOS_ACCIDENTADOS]:[VEHICULOS_ACCIDENTADOS2]],"TRACTOCAMION") -> 0 | AB6: =COUNTIF(Tabla1[[#This Row],[VEHICULOS_ACCIDENTADOS]:[VEHICULOS_ACCIDENTADOS2]],"VOLQUETA") -> 0 | AC6: =COUNTIF(Tabla1[[#This Row],[VEHICULOS_ACCIDENTADOS]:[VEHICULOS_ACCIDENTADOS2]],"BICICLETA") -> 1 | AD6: FEMENINO | AE6: MASCULINO | AF6: =COUNTIF(Tabla1[[#This Row],[GENERO_MASCULINO]:[GENERO_FEMENINO]],"MASCULINO") -> 1 | AG6: =COUNTIF(Tabla1[[#This Row],[GENERO_MASCULINO]:[GENERO_FEMENINO]],"FEMENINO") -> 1 | AH6: 40 | AI6: 14 | AJ6: 7 | AN6: 121 | AO6: =IFERROR(((VLOOKUP(Tabla1[[#This Row],[HIPOTESIS_1]],listas!$D$1:$E$105,2,FALSE))),"SIN INFORMACIÓN") -> No mantener distancia de seguridad. | AP6: 90 | AQ6: =IFERROR(((VLOOKUP(Tabla1[[#This Row],[HIPOTESIS_2]],listas!$D$1:$E$105,2,FALSE))),"") -> Transportar otra persona o cosas. | AR6: =IF(HOUR(Tabla1[[#This Row],[HORA_ACCIDENTE]])<6,"MAÑANA", IF(HOUR(Tabla1[[#This Row],[HORA_ACCIDENTE]])<12,"MAÑANA", IF(HOUR(Tabla1[[#This Row],[HORA_ACCIDENTE]])<18,"TARDE","NOCHE"))) -> TARDE
A7: 300 | B7: 0 | C7: 3 | D7: 0 | E7: =IF(D7>=1,"FALLECIDO",IF(C7>=1,"LESIONADO",IF(B7>=1,"SOLO DAÑO",""))) -> LESIONADO | F7: CARRERA 30 # 46 | G7: 5.3275139 | H7: -72.375592 | I7: MOVILIDAD | J7: URBANO | K7: =UPPER(TEXT(M7,"YYYY")) -> 2022 | L7: =UPPER(TEXT(M7,"MMMM")) -> SEPTIEMBRE | M7: 44810 | N7: =UPPER(TEXT(M7,"DDDD")) -> MARTES | O7: 0.9375 | P7: MOTOCICLETA | R7: =COUNTIF(Tabla1[[#This Row],[VEHICULOS_ACCIDENTADOS]:[VEHICULOS_ACCIDENTADOS2]],"MOTOCICLETA") -> 1 | S7: =COUNTIF(Tabla1[[#This Row],[VEHICULOS_ACCIDENTADOS]:[VEHICULOS_ACCIDENTADOS2]],"MOTOCARRO") -> 0 | T7: =COUNTIF(Tabla1[[#This Row],[VEHICULOS_ACCIDENTADOS]:[VEHICULOS_ACCIDENTADOS2]],"AUTOMOVIL") -> 0 | U7: =COUNTIF(Tabla1[[#This Row],[VEHICULOS_ACCIDENTADOS]:[VEHICULOS_ACCIDENTADOS2]],"CAMPERO") -> 0 | V7: =COUNTIF(Tabla1[[#This Row],[VEHICULOS_ACCIDENTADOS]:[VEHICULOS_ACCIDENTADOS2]],"CAMIONETA") -> 0 | W7: =COUNTIF(Tabla1[[#This Row],[VEHICULOS_ACCIDENTADOS]:[VEHICULOS_ACCIDENTADOS2]],"MICROBUS") -> 0 | X7: =COUNTIF(Tabla1[[#This Row],[VEHICULOS_ACCIDENTADOS]:[VEHICULOS_ACCIDENTADOS2]],"BUS") -> 0 | Y7: =COUNTIF(Tabla1[[#This Row],[VEHICULOS_ACCIDENTADOS]:[VEHICULOS_ACCIDENTADOS2]],"BUSETA") -> 0 | Z7: =COUNTIF(Tabla1[[#This Row],[VEHICULOS_ACCIDENTADOS]:[VEHICULOS_ACCIDENTADOS2]],"CAMION") -> 0 | AA7: =COUNTIF(Tabla1[[#This Row],[VEHICULOS_ACCIDENTADOS]:[VEHICULOS_ACCIDENTADOS2]],"TRACTOCAMION") -> 0 | AB7: =COUNTIF(Tabla1[[#This Row],[VEHICULOS_ACCIDENTADOS]:[VEHICULOS_ACCIDENTADOS2]],"VOLQUETA") -> 0 | AC7: =COUNTIF(Tabla1[[#This Row],[VEHICULOS_ACCIDENTADOS]:[VEHICULOS_ACCIDENTADOS2]],"BICICLETA") -> 0 | AD7: MASCULINO | AE7: FEMENINO | AF7: =COUNTIF(Tabla1[[#This Row],[GENERO_MASCULINO]:[GENERO_FEMENINO]],"MASCULINO") -> 1 | AG7: =COUNTIF(Tabla1[[#This Row],[GENERO_MASCULINO]:[GENERO_FEMENINO]],"FEMENINO") -> 1 | AH7: 24 | AI7: 24 | AL7: 30 | AN7: 139 | AO7: =IFERROR(((VLOOKUP(Tabla1[[#This Row],[HIPOTESIS_1]],listas!$D$1:$E$105,2,FALSE))),"SIN INFORMACIÓN") -> Impericia en el manejo. | AP7: 90 | AQ7: =IFERROR(((VLOOKUP(Tabla1[[#This Row],[HIPOTESIS_2]],listas!$D$1:$E$105,2,FALSE))),"") -> Transportar otra persona o cosas. | AR7: =IF(HOUR(Tabla1[[#This Row],[HORA_ACCIDENTE]])<6,"MAÑANA", IF(HOUR(Tabla1[[#This Row],[HORA_ACCIDENTE]])<12,"MAÑANA", IF(HOUR(Tabla1[[#This Row],[HORA_ACCIDENTE]])<18,"TARDE","NOCHE"))) -> NOCHE
A8: 750 | B8: 0 | C8: 1 | D8: 0 | E8: =IF(D8>=1,"FALLECIDO",IF(C8>=1,"LESIONADO",IF(B8>=1,"SOLO DAÑO",""))) -> LESIONADO | F8: CARRERA 5 ENTRE CALLE 39 Y 40 | G8: 5.3193556 | H8: -72.404717 | I8: MOVILIDAD | J8: URBANO | K8: =UPPER(TEXT(M8,"YYYY")) -> 2024 | L8: =UPPER(TEXT(M8,"MMMM")) -> JULIO | M8: 45498 | N8: =UPPER(TEXT(M8,"DDDD")) -> JUEVES | O8: 0.96180556 | P8: MOTOCICLETA | R8: =COUNTIF(Tabla1[[#This Row],[VEHICULOS_ACCIDENTADOS]:[VEHICULOS_ACCIDENTADOS2]],"MOTOCICLETA") -> 1 | S8: =COUNTIF(Tabla1[[#This Row],[VEHICULOS_ACCIDENTADOS]:[VEHICULOS_ACCIDENTADOS2]],"MOTOCARRO") -> 0 | T8: =COUNTIF(Tabla1[[#This Row],[VEHICULOS_ACCIDENTADOS]:[VEHICULOS_ACCIDENTADOS2]],"AUTOMOVIL") -> 0 | U8: =COUNTIF(Tabla1[[#This Row],[VEHICULOS_ACCIDENTADOS]:[VEHICULOS_ACCIDENTADOS2]],"CAMPERO") -> 0 | V8: =COUNTIF(Tabla1[[#This Row],[VEHICULOS_ACCIDENTADOS]:[VEHICULOS_ACCIDENTADOS2]],"CAMIONETA") -> 0 | W8: =COUNTIF(Tabla1[[#This Row],[VEHICULOS_ACCIDENTADOS]:[VEHICULOS_ACCIDENTADOS2]],"MICROBUS") -> 0 | X8: =COUNTIF(Tabla1[[#This Row],[VEHICULOS_ACCIDENTADOS]:[VEHICULOS_ACCIDENTADOS2]],"BUS") -> 0 | Y8: =COUNTIF(Tabla1[[#This Row],[VEHICULOS_ACCIDENTADOS]:[VEHICULOS_ACCIDENTADOS2]],"BUSETA") -> 0 | Z8: =COUNTIF(Tabla1[[#This Row],[VEHICULOS_ACCIDENTADOS]:[VEHICULOS_ACCIDENTADOS2]],"CAMION") -> 0 | AA8: =COUNTIF(Tabla1[[#This Row],[VEHICULOS_ACCIDENTADOS]:[VEHICULOS_ACCIDENTADOS2]],"TRACTOCAMION") -> 0 | AB8: =COUNTIF(Tabla1[[#This Row],[VEHICULOS_ACCIDENTADOS]:[VEHICULOS_ACCIDENTADOS2]],"VOLQUETA") -> 0 | AC8: =COUNTIF(Tabla1[[#This Row],[VEHICULOS_ACCIDENTADOS]:[VEHICULOS_ACCIDENTADOS2]],"BICICLETA") -> 0 | AD8: MASCULINO | AE8: FEMENINO | AF8: =COUNTIF(Tabla1[[#This Row],[GENERO_MASCULINO]:[GENERO_FEMENINO]],"MASCULINO") -> 1 | AG8: =COUNTIF(Tabla1[[#This Row],[GENERO_MASCULINO]:[GENERO_FEMENINO]],"FEMENINO") -> 1 | AH8: 26 | AI8: 65 | AN8: 115 | AO8: =IFERROR(((VLOOKUP(Tabla1[[#This Row],[HIPOTESIS_1]],listas!$D$1:$E$105,2,FALSE))),"SIN INFORMACIÓN") -> Embriaguez o Sustancias alucinogenas | AP8: 404 | AQ8: =IFERROR(((VLOOKUP(Tabla1[[#This Row],[HIPOTESIS_2]],listas!$D$1:$E$105,2,FALSE))),"") -> Transitar por la calzada. | AR8: =IF(HOUR(Tabla1[[#This Row],[HORA_ACCIDENTE]])<6,"MAÑANA", IF(HOUR(Tabla1[[#This Row],[HORA_ACCIDENTE]])<12,"MAÑANA", IF(HOUR(Tabla1[[#This Row],[HORA_ACCIDENTE]])<18,"TARDE","NOCHE"))) -> NOCHE
A9: 185 | B9: 0 | C9: 2 | D9: 0 | E9: =IF(D9>=1,"FALLECIDO",IF(C9>=1,"LESIONADO",IF(B9>=1,"SOLO DAÑO",""))) -> LESIONADO | F9: KM. 0+500 YOPAL PAZ DE ARIPORO | G9: 5.3553228 | H9: -72.406182 | I9: MOVILIDAD | J9: RURAL | K9: =UPPER(TEXT(M9,"YYYY")) -> 2022 | L9: =UPPER(TEXT(M9,"MMMM")) -> MAYO | M9: 44696 | N9: =UPPER(TEXT(M9,"DDDD")) -> DOMINGO | O9: 0.90625 | P9: MOTOCICLETA | R9: =COUNTIF(Tabla1[[#This Row],[VEHICULOS_ACCIDENTADOS]:[VEHICULOS_ACCIDENTADOS2]],"MOTOCICLETA") -> 1 | S9: =COUNTIF(Tabla1[[#This Row],[VEHICULOS_ACCIDENTADOS]:[VEHICULOS_ACCIDENTADOS2]],"MOTOCARRO") -> 0 | T9: =COUNTIF(Tabla1[[#This Row],[VEHICULOS_ACCIDENTADOS]:[VEHICULOS_ACCIDENTADOS2]],"AUTOMOVIL") -> 0 | U9: =COUNTIF(Tabla1[[#This Row],[VEHICULOS_ACCIDENTADOS]:[VEHICULOS_ACCIDENTADOS2]],"CAMPERO") -> 0 | V9: =COUNTIF(Tabla1[[#This Row],[VEHICULOS_ACCIDENTADOS]:[VEHICULOS_ACCIDENTADOS2]],"CAMIONETA") -> 0 | W9: =COUNTIF(Tabla1[[#This Row],[VEHICULOS_ACCIDENTADOS]:[VEHICULOS_ACCIDENTADOS2]],"MICROBUS") -> 0 | X9: =COUNTIF(Tabla1[[#This Row],[VEHICULOS_ACCIDENTADOS]:[VEHICULOS_ACCIDENTADOS2]],"BUS") -> 0 | Y9: =COUNTIF(Tabla1[[#This Row],[VEHICULOS_ACCIDENTADOS]:[VEHICULOS_ACCIDENTADOS2]],"BUSETA") -> 0 | Z9: =COUNTIF(Tabla1[[#This Row],[VEHICULOS_ACCIDENTADOS]:[VEHICULOS_ACCIDENTADOS2]],"CAMION") -> 0 | AA9: =COUNTIF(Tabla1[[#This Row],[VEHICULOS_ACCIDENTADOS]:[VEHICULOS_ACCIDENTADOS2]],"TRACTOCAMION") -> 0 | AB9: =COUNTIF(Tabla1[[#This Row],[VEHICULOS_ACCIDENTADOS]:[VEHICULOS_ACCIDENTADOS2]],"VOLQUETA") -> 0 | AC9: =COUNTIF(Tabla1[[#This Row],[VEHICULOS_ACCIDENTADOS]:[VEHICULOS_ACCIDENTADOS2]],"BICICLETA") -> 0 | AD9: MASCULINO | AF9: =COUNTIF(Tabla1[[#This Row],[GENERO_MASCULINO]:[GENERO_FEMENINO]],"MASCULINO") -> 1 | AG9: =COUNTIF(Tabla1[[#This Row],[GENERO_MASCULINO]:[GENERO_FEMENINO]],"FEMENINO") -> 0 | AH9: 28 | AK9: 75 | AN9: 157 | AO9: =IFERROR(((VLOOKUP(Tabla1[[#This Row],[HIPOTESIS_1]],listas!$D$1:$E$105,2,FALSE))),"SIN INFORMACIÓN") -> Otra | AP9: 404 | AQ9: =IFERROR(((VLOOKUP(Tabla1[[#This Row],[HIPOTESIS_2]],listas!$D$1:$E$105,2,FALSE))),"") -> Transitar por la calzada. | AR9: =IF(HOUR(Tabla1[[#This Row],[HORA_ACCIDENTE]])<6,"MAÑANA", IF(HOUR(Tabla1[[#This Row],[HORA_ACCIDENTE]])<12,"MAÑANA", IF(HOUR(Tabla1[[#This Row],[HORA_ACCIDENTE]])<18,"TARDE","NOCHE"))) -> NOCHE
A10: 1116 | B10: 0 | C10: 3 | D10: 0 | E10: =IF(D10>=1,"FALLECIDO",IF(C10>=1,"LESIONADO",IF(B10>=1,"SOLO DAÑO",""))) -> LESIONADO | F10: CARRERA 12 # CALLE 27 | G10: 5.3295167 | H10: -72.400506 | I10: MOVILIDAD | J10: URBANO | K10: =UPPER(TEXT(M10,"YYYY")) -> 2025 | L10: =UPPER(TEXT(M10,"MMMM")) -> OCTUBRE | M10: 45935 | N10: =UPPER(TEXT(M10,"DDDD")) -> DOMINGO | O10: 0.80486111 | P10: MOTOCICLETA | Q10: MOTOCICLETA | R10: =COUNTIF(Tabla1[[#This Row],[VEHICULOS_ACCIDENTADOS]:[VEHICULOS_ACCIDENTADOS2]],"MOTOCICLETA") -> 2 | S10: =COUNTIF(Tabla1[[#This Row],[VEHICULOS_ACCIDENTADOS]:[VEHICULOS_ACCIDENTADOS2]],"MOTOCARRO") -> 0 | T10: =COUNTIF(Tabla1[[#This Row],[VEHICULOS_ACCIDENTADOS]:[VEHICULOS_ACCIDENTADOS2]],"AUTOMOVIL") -> 0 | U10: =COUNTIF(Tabla1[[#This Row],[VEHICULOS_ACCIDENTADOS]:[VEHICULOS_ACCIDENTADOS2]],"CAMPERO") -> 0 | V10: =COUNTIF(Tabla1[[#This Row],[VEHICULOS_ACCIDENTADOS]:[VEHICULOS_ACCIDENTADOS2]],"CAMIONETA") -> 0 | W10: =COUNTIF(Tabla1[[#This Row],[VEHICULOS_ACCIDENTADOS]:[VEHICULOS_ACCIDENTADOS2]],"MICROBUS") -> 0 | X10: =COUNTIF(Tabla1[[#This Row],[VEHICULOS_ACCIDENTADOS]:[VEHICULOS_ACCIDENTADOS2]],"BUS") -> 0 | Y10: =COUNTIF(Tabla1[[#This Row],[VEHICULOS_ACCIDENTADOS]:[VEHICULOS_ACCIDENTADOS2]],"BUSETA") -> 0 | Z10: =COUNTIF(Tabla1[[#This Row],[VEHICULOS_ACCIDENTADOS]:[VEHICULOS_ACCIDENTADOS2]],"CAMION") -> 0 | AA10: =COUNTIF(Tabla1[[#This Row],[VEHICULOS_ACCIDENTADOS]:[VEHICULOS_ACCIDENTADOS2]],"TRACTOCAMION") -> 0 | AB10: =COUNTIF(Tabla1[[#This Row],[VEHICULOS_ACCIDENTADOS]:[VEHICULOS_ACCIDENTADOS2]],"VOLQUETA") -> 0 | AC10: =COUNTIF(Tabla1[[#This Row],[VEHICULOS_ACCIDENTADOS]:[VEHICULOS_ACCIDENTADOS2]],"BICICLETA") -> 0 | AD10: MASCULINO | AE10: FEMENINO | AF10: =COUNTIF(Tabla1[[#This Row],[GENERO_MASCULINO]:[GENERO_FEMENINO]],"MASCULINO") -> 1 | AG10: =COUNTIF(Tabla1[[#This Row],[GENERO_MASCULINO]:[GENERO_FEMENINO]],"FEMENINO") -> 1 | AH10: 35 | AI10: 36 | AN10: 115 | AO10: =IFERROR(((VLOOKUP(Tabla1[[#This Row],[HIPOTESIS_1]],listas!$D$1:$E$105,2,FALSE))),"SIN INFORMACIÓN") -> Embriaguez o Sustancias alucinogenas | AP10: 127 | AQ10: =IFERROR(((VLOOKUP(Tabla1[[#This Row],[HIPOTESIS_2]],listas!$D$1:$E$105,2,FALSE))),"") -> Transitar en contravía. | AR10: =IF(HOUR(Tabla1[[#This Row],[HORA_ACCIDENTE]])<6,"MAÑANA", IF(HOUR(Tabla1[[#This Row],[HORA_ACCIDENTE]])<12,"MAÑANA", IF(HOUR(Tabla1[[#This Row],[HORA_ACCIDENTE]])<18,"TARDE","NOCHE"))) -> NOCHE
A11: 682 | B11: 0 | C11: 2 | D11: 0 | E11: =IF(D11>=1,"FALLECIDO",IF(C11>=1,"LESIONADO",IF(B11>=1,"SOLO DAÑO",""))) -> LESIONADO | F11: CARRERA 13 DIAGONAL 47 | G11: 5.3130556 | H11: -72.395925 | I11: MOVILIDAD | J11: URBANO | K11: =UPPER(TEXT(M11,"YYYY")) -> 2024 | L11: =UPPER(TEXT(M11,"MMMM")) -> MARZO | M11: 45373 | N11: =UPPER(TEXT(M11,"DDDD")) -> VIERNES | O11: 0.75 | P11: MOTOCICLETA | Q11: MOTOCICLETA | R11: =COUNTIF(Tabla1[[#This Row],[VEHICULOS_ACCIDENTADOS]:[VEHICULOS_ACCIDENTADOS2]],"MOTOCICLETA") -> 2 | S11: =COUNTIF(Tabla1[[#This Row],[VEHICULOS_ACCIDENTADOS]:[VEHICULOS_ACCIDENTADOS2]],"MOTOCARRO") -> 0 | T11: =COUNTIF(Tabla1[[#This Row],[VEHICULOS_ACCIDENTADOS]:[VEHICULOS_ACCIDENTADOS2]],"AUTOMOVIL") -> 0 | U11: =COUNTIF(Tabla1[[#This Row],[VEHICULOS_ACCIDENTADOS]:[VEHICULOS_ACCIDENTADOS2]],"CAMPERO") -> 0 | V11: =COUNTIF(Tabla1[[#This Row],[VEHICULOS_ACCIDENTADOS]:[VEHICULOS_ACCIDENTADOS2]],"CAMIONETA") -> 0 | W11: =COUNTIF(Tabla1[[#This Row],[VEHICULOS_ACCIDENTADOS]:[VEHICULOS_ACCIDENTADOS2]],"MICROBUS") -> 0 | X11: =COUNTIF(Tabla1[[#This Row],[VEHICULOS_ACCIDENTADOS]:[VEHICULOS_ACCIDENTADOS2]],"BUS") -> 0 | Y11: =COUNTIF(Tabla1[[#This Row],[VEHICULOS_ACCIDENTADOS]:[VEHICULOS_ACCIDENTADOS2]],"BUSETA") -> 0 | Z11: =COUNTIF(Tabla1[[#This Row],[VEHICULOS_ACCIDENTADOS]:[VEHICULOS_ACCIDENTADOS2]],"CAMION") -> 0 | AA11: =COUNTIF(Tabla1[[#This Row],[VEHICULOS_ACCIDENTADOS]:[VEHICULOS_ACCIDENTADOS2]],"TRACTOCAMION") -> 0 | AB11: =COUNTIF(Tabla1[[#This Row],[VEHICULOS_ACCIDENTADOS]:[VEHICULOS_ACCIDENTADOS2]],"VOLQUETA") -> 0 | AC11: =COUNTIF(Tabla1[[#This Row],[VEHICULOS_ACCIDENTADOS]:[VEHICULOS_ACCIDENTADOS2]],"BICICLETA") -> 0 | AD11: MASCULINO | AE11: FEMENINO | AF11: =COUNTIF(Tabla1[[#This Row],[GENERO_MASCULINO]:[GENERO_FEMENINO]],"MASCULINO") -> 1 | AG11: =COUNTIF(Tabla1[[#This Row],[GENERO_MASCULINO]:[GENERO_FEMENINO]],"FEMENINO") -> 1 | AH11: 46 | AI11: 0 | AK11: 0 | AN11: 115 | AO11: =IFERROR(((VLOOKUP(Tabla1[[#This Row],[HIPOTESIS_1]],listas!$D$1:$E$105,2,FALSE))),"SIN INFORMACIÓN") -> Embriaguez o Sustancias alucinogenas | AP11: 127 | AQ11: =IFERROR(((VLOOKUP(Tabla1[[#This Row],[HIPOTESIS_2]],listas!$D$1:$E$105,2,FALSE))),"") -> Transitar en contravía. | AR11: =IF(HOUR(Tabla1[[#This Row],[HORA_ACCIDENTE]])<6,"MAÑANA", IF(HOUR(Tabla1[[#This Row],[HORA_ACCIDENTE]])<12,"MAÑANA", IF(HOUR(Tabla1[[#This Row],[HORA_ACCIDENTE]])<18,"TARDE","NOCHE"))) -> NOCHE
A12: 1072 | B12: 0 | C12: 0 | D12: 1 | E12: =IF(D12>=1,"FALLECIDO",IF(C12>=1,"LESIONADO",IF(B12>=1,"SOLO DAÑO",""))) -> FALLECIDO | F12: CARRERA 16 # CALLE 40 | G12: 5.3191117 | H12: -72.393685 | I12: MOVILIDAD | J12: URBANO | K12: =UPPER(TEXT(M12,"YYYY")) -> 2025 | L12: =UPPER(TEXT(M12,"MMMM")) -> SEPTIEMBRE | M12: 45914 | N12: =UPPER(TEXT(M12,"DDDD")) -> DOMINGO | O12: 0.20138889 | P12: MOTOCICLETA | R12: =COUNTIF(Tabla1[[#This Row],[VEHICULOS_ACCIDENTADOS]:[VEHICULOS_ACCIDENTADOS2]],"MOTOCICLETA") -> 1 | S12: =COUNTIF(Tabla1[[#This Row],[VEHICULOS_ACCIDENTADOS]:[VEHICULOS_ACCIDENTADOS2]],"MOTOCARRO") -> 0 | T12: =COUNTIF(Tabla1[[#This Row],[VEHICULOS_ACCIDENTADOS]:[VEHICULOS_ACCIDENTADOS2]],"AUTOMOVIL") -> 0 | U12: =COUNTIF(Tabla1[[#This Row],[VEHICULOS_ACCIDENTADOS]:[VEHICULOS_ACCIDENTADOS2]],"CAMPERO") -> 0 | V12: =COUNTIF(Tabla1[[#This Row],[VEHICULOS_ACCIDENTADOS]:[VEHICULOS_ACCIDENTADOS2]],"CAMIONETA") -> 0 | W12: =COUNTIF(Tabla1[[#This Row],[VEHICULOS_ACCIDENTADOS]:[VEHICULOS_ACCIDENTADOS2]],"MICROBUS") -> 0 | X12: =COUNTIF(Tabla1[[#This Row],[VEHICULOS_ACCIDENTADOS]:[VEHICULOS_ACCIDENTADOS2]],"BUS") -> 0 | Y12: =COUNTIF(Tabla1[[#This Row],[VEHICULOS_ACCIDENTADOS]:[VEHICULOS_ACCIDENTADOS2]],"BUSETA") -> 0 | Z12: =COUNTIF(Tabla1[[#This Row],[VEHICULOS_ACCIDENTADOS]:[VEHICULOS_ACCIDENTADOS2]],"CAMION") -> 0 | AA12: =COUNTIF(Tabla1[[#This Row],[VEHICULOS_ACCIDENTADOS]:[VEHICULOS_ACCIDENTADOS2]],"TRACTOCAMION") -> 0 | AB12: =COUNTIF(Tabla1[[#This Row],[VEHICULOS_ACCIDENTADOS]:[VEHICULOS_ACCIDENTADOS2]],"VOLQUETA") -> 0 | AC12: =COUNTIF(Tabla1[[#This Row],[VEHICULOS_ACCIDENTADOS]:[VEHICULOS_ACCIDENTADOS2]],"BICICLETA") -> 0 | AD12: MASCULINO | AF12: =COUNTIF(Tabla1[[#This Row],[GENERO_MASCULINO]:[GENERO_FEMENINO]],"MASCULINO") -> 1 | AG12: =COUNTIF(Tabla1[[#This Row],[GENERO_MASCULINO]:[GENERO_FEMENINO]],"FEMENINO") -> 0 | AH12: 30 | AN12: 114 | AO12: =IFERROR(((VLOOKUP(Tabla1[[#This Row],[HIPOTESIS_1]],listas!$D$1:$E$105,2,FALSE))),"SIN INFORMACIÓN") -> Embriaguez aparente. | AP12: 127 | AQ12: =IFERROR(((VLOOKUP(Tabla1[[#This Row],[HIPOTESIS_2]],listas!$D$1:$E$105,2,FALSE))),"") -> Transitar en contravía. | AR12: =IF(HOUR(Tabla1[[#This Row],[HORA_ACCIDENTE]])<6,"MAÑANA", IF(HOUR(Tabla1[[#This Row],[HORA_ACCIDENTE]])<12,"MAÑANA", IF(HOUR(Tabla1[[#This Row],[HORA_ACCIDENTE]])<18,"TARDE","NOCHE"))) -> MAÑANA
A13: 897 | B13: 1 | C13: 0 | D13: 0 | E13: =IF(D13>=1,"FALLECIDO",IF(C13>=1,"LESIONADO",IF(B13>=1,"SOLO DAÑO",""))) -> SOLO DAÑO | F13: CARRERA 19 # 20-69 | G13: 5.33943 | H13: -72.397135 | I13: MOVILIDAD | J13: URBANO | K13: =UPPER(TEXT(M13,"YYYY")) -> 2025 | L13: =UPPER(TEXT(M13,"MMMM")) -> MARZO | M13: 45724 | N13: =UPPER(TEXT(M13,"DDDD")) -> SÁBADO | O13: 0.97916667 | P13: MOTOCICLETA | R13: =COUNTIF(Tabla1[[#This Row],[VEHICULOS_ACCIDENTADOS]:[VEHICULOS_ACCIDENTADOS2]],"MOTOCICLETA") -> 1 | S13: =COUNTIF(Tabla1[[#This Row],[VEHICULOS_ACCIDENTADOS]:[VEHICULOS_ACCIDENTADOS2]],"MOTOCARRO") -> 0 | T13: =COUNTIF(Tabla1[[#This Row],[VEHICULOS_ACCIDENTADOS]:[VEHICULOS_ACCIDENTADOS2]],"AUTOMOVIL") -> 0 | U13: =COUNTIF(Tabla1[[#This Row],[VEHICULOS_ACCIDENTADOS]:[VEHICULOS_ACCIDENTADOS2]],"CAMPERO") -> 0 | V13: =COUNTIF(Tabla1[[#This Row],[VEHICULOS_ACCIDENTADOS]:[VEHICULOS_ACCIDENTADOS2]],"CAMIONETA") -> 0 | W13: =COUNTIF(Tabla1[[#This Row],[VEHICULOS_ACCIDENTADOS]:[VEHICULOS_ACCIDENTADOS2]],"MICROBUS") -> 0 | X13: =COUNTIF(Tabla1[[#This Row],[VEHICULOS_ACCIDENTADOS]:[VEHICULOS_ACCIDENTADOS2]],"BUS") -> 0 | Y13: =COUNTIF(Tabla1[[#This Row],[VEHICULOS_ACCIDENTADOS]:[VEHICULOS_ACCIDENTADOS2]],"BUSETA") -> 0 | Z13: =COUNTIF(Tabla1[[#This Row],[VEHICULOS_ACCIDENTADOS]:[VEHICULOS_ACCIDENTADOS2]],"CAMION") -> 0 | AA13: =COUNTIF(Tabla1[[#This Row],[VEHICULOS_ACCIDENTADOS]:[VEHICULOS_ACCIDENTADOS2]],"TRACTOCAMION") -> 0 | AB13: =COUNTIF(Tabla1[[#This Row],[VEHICULOS_ACCIDENTADOS]:[VEHICULOS_ACCIDENTADOS2]],"VOLQUETA") -> 0 | AC13: =COUNTIF(Tabla1[[#This Row],[VEHICULOS_ACCIDENTADOS]:[VEHICULOS_ACCIDENTADOS2]],"BICICLETA") -> 0 | AD13: MASCULINO | AE13: MASCULINO | AF13: =COUNTIF(Tabla1[[#This Row],[GENERO_MASCULINO]:[GENERO_FEMENINO]],"MASCULINO") -> 2 | AG13: =COUNTIF(Tabla1[[#This Row],[GENERO_MASCULINO]:[GENERO_FEMENINO]],"FEMENINO") -> 0 | AH13: 35 | AI13: 35 | AN13: 115 | AO13: =IFERROR(((VLOOKUP(Tabla1[[#This Row],[HIPOTESIS_1]],listas!$D$1:$E$105,2,FALSE))),"SIN INFORMACIÓN") -> Embriaguez o Sustancias alucinogenas | AP13: 127 | AQ13: =IFERROR(((VLOOKUP(Tabla1[[#This Row],[HIPOTESIS_2]],listas!$D$1:$E$105,2,FALSE))),"") -> Transitar en contravía. | AR13: =IF(HOUR(Tabla1[[#This Row],[HORA_ACCIDENTE]])<6,"MAÑANA", IF(HOUR(Tabla1[[#This Row],[HORA_ACCIDENTE]])<12,"MAÑANA", IF(HOUR(Tabla1[[#This Row],[HORA_ACCIDENTE]])<18,"TARDE","NOCHE"))) -> NOCHE
A14: 328 | B14: 0 | C14: 0 | D14: 1 | E14: =IF(D14>=1,"FALLECIDO",IF(C14>=1,"LESIONADO",IF(B14>=1,"SOLO DAÑO",""))) -> FALLECIDO | F14: CARRERA 21 # 7-67 | G14: 5.3495778 | H14: -72.4004 | I14: MOVILIDAD | J14: URBANO | K14: =UPPER(TEXT(M14,"YYYY")) -> 2022 | L14: =UPPER(TEXT(M14,"MMMM")) -> OCTUBRE | M14: 44843 | N14: =UPPER(TEXT(M14,"DDDD")) -> DOMINGO | O14: 0.20486111 | P14: MOTOCICLETA | R14: =COUNTIF(Tabla1[[#This Row],[VEHICULOS_ACCIDENTADOS]:[VEHICULOS_ACCIDENTADOS2]],"MOTOCICLETA") -> 1 | S14: =COUNTIF(Tabla1[[#This Row],[VEHICULOS_ACCIDENTADOS]:[VEHICULOS_ACCIDENTADOS2]],"MOTOCARRO") -> 0 | T14: =COUNTIF(Tabla1[[#This Row],[VEHICULOS_ACCIDENTADOS]:[VEHICULOS_ACCIDENTADOS2]],"AUTOMOVIL") -> 0 | U14: =COUNTIF(Tabla1[[#This Row],[VEHICULOS_ACCIDENTADOS]:[VEHICULOS_ACCIDENTADOS2]],"CAMPERO") -> 0 | V14: =COUNTIF(Tabla1[[#This Row],[VEHICULOS_ACCIDENTADOS]:[VEHICULOS_ACCIDENTADOS2]],"CAMIONETA") -> 0 | W14: =COUNTIF(Tabla1[[#This Row],[VEHICULOS_ACCIDENTADOS]:[VEHICULOS_ACCIDENTADOS2]],"MICROBUS") -> 0 | X14: =COUNTIF(Tabla1[[#This Row],[VEHICULOS_ACCIDENTADOS]:[VEHICULOS_ACCIDENTADOS2]],"BUS") -> 0 | Y14: =COUNTIF(Tabla1[[#This Row],[VEHICULOS_ACCIDENTADOS]:[VEHICULOS_ACCIDENTADOS2]],"BUSETA") -> 0 | Z14: =COUNTIF(Tabla1[[#This Row],[VEHICULOS_ACCIDENTADOS]:[VEHICULOS_ACCIDENTADOS2]],"CAMION") -> 0 | AA14: =COUNTIF(Tabla1[[#This Row],[VEHICULOS_ACCIDENTADOS]:[VEHICULOS_ACCIDENTADOS2]],"TRACTOCAMION") -> 0 | AB14: =COUNTIF(Tabla1[[#This Row],[VEHICULOS_ACCIDENTADOS]:[VEHICULOS_ACCIDENTADOS2]],"VOLQUETA") -> 0 | AC14: =COUNTIF(Tabla1[[#This Row],[VEHICULOS_ACCIDENTADOS]:[VEHICULOS_ACCIDENTADOS2]],"BICICLETA") -> 0 | AE14: FEMENINO | AF14: =COUNTIF(Tabla1[[#This Row],[GENERO_MASCULINO]:[GENERO_FEMENINO]],"MASCULINO") -> 0 | AG14: =COUNTIF(Tabla1[[#This Row],[GENERO_MASCULINO]:[GENERO_FEMENINO]],"FEMENINO") -> 1 | AM14: 20 | AN14: 114 | AO14: =IFERROR(((VLOOKUP(Tabla1[[#This Row],[HIPOTESIS_1]],listas!$D$1:$E$105,2,FALSE))),"SIN INFORMACIÓN") -> Embriaguez aparente. | AP14: 127 | AQ14: =IFERROR(((VLOOKUP(Tabla1[[#This Row],[HIPOTESIS_2]],listas!$D$1:$E$105,2,FALSE))),"") -> Transitar en contravía. | AR14: =IF(HOUR(Tabla1[[#This Row],[HORA_ACCIDENTE]])<6,"MAÑANA", IF(HOUR(Tabla1[[#This Row],[HORA_ACCIDENTE]])<12,"MAÑANA", IF(HOUR(Tabla1[[#This Row],[HORA_ACCIDENTE]])<18,"TARDE","NOCHE"))) -> MAÑANA
A15: 853 | B15: 1 | C15: 0 | D15: 0 | E15: =IF(D15>=1,"FALLECIDO",IF(C15>=1,"LESIONADO",IF(B15>=1,"SOLO DAÑO",""))) -> SOLO DAÑO | F15: CARRERA 22 # 15 | G15: 5.3439278 | H15: -72.395764 | I15: MOVILIDAD | J15: URBANO | K15: =UPPER(TEXT(M15,"YYYY")) -> 2025 | L15: =UPPER(TEXT(M15,"MMMM")) -> ENERO | M15: 45660 | N15: =UPPER(TEXT(M15,"DDDD")) -> VIERNES | O15: 0.73958333 | P15: MOTOCICLETA | Q15: MOTOCICLETA | R15: =COUNTIF(Tabla1[[#This Row],[VEHICULOS_ACCIDENTADOS]:[VEHICULOS_ACCIDENTADOS2]],"MOTOCICLETA") -> 2 | S15: =COUNTIF(Tabla1[[#This Row],[VEHICULOS_ACCIDENTADOS]:[VEHICULOS_ACCIDENTADOS2]],"MOTOCARRO") -> 0 | T15: =COUNTIF(Tabla1[[#This Row],[VEHICULOS_ACCIDENTADOS]:[VEHICULOS_ACCIDENTADOS2]],"AUTOMOVIL") -> 0 | U15: =COUNTIF(Tabla1[[#This Row],[VEHICULOS_ACCIDENTADOS]:[VEHICULOS_ACCIDENTADOS2]],"CAMPERO") -> 0 | V15: =COUNTIF(Tabla1[[#This Row],[VEHICULOS_ACCIDENTADOS]:[VEHICULOS_ACCIDENTADOS2]],"CAMIONETA") -> 0 | W15: =COUNTIF(Tabla1[[#This Row],[VEHICULOS_ACCIDENTADOS]:[VEHICULOS_ACCIDENTADOS2]],"MICROBUS") -> 0 | X15: =COUNTIF(Tabla1[[#This Row],[VEHICULOS_ACCIDENTADOS]:[VEHICULOS_ACCIDENTADOS2]],"BUS") -> 0 | Y15: =COUNTIF(Tabla1[[#This Row],[VEHICULOS_ACCIDENTADOS]:[VEHICULOS_ACCIDENTADOS2]],"BUSETA") -> 0 | Z15: =COUNTIF(Tabla1[[#This Row],[VEHICULOS_ACCIDENTADOS]:[VEHICULOS_ACCIDENTADOS2]],"CAMION") -> 0 | AA15: =COUNTIF(Tabla1[[#This Row],[VEHICULOS_ACCIDENTADOS]:[VEHICULOS_ACCIDENTADOS2]],"TRACTOCAMION") -> 0 | AB15: =COUNTIF(Tabla1[[#This Row],[VEHICULOS_ACCIDENTADOS]:[VEHICULOS_ACCIDENTADOS2]],"VOLQUETA") -> 0 | AC15: =COUNTIF(Tabla1[[#This Row],[VEHICULOS_ACCIDENTADOS]:[VEHICULOS_ACCIDENTADOS2]],"BICICLETA") -> 0 | AD15: MASCULINO | AE15: MASCULINO | AF15: =COUNTIF(Tabla1[[#This Row],[GENERO_MASCULINO]:[GENERO_FEMENINO]],"MASCULINO") -> 2 | AG15: =COUNTIF(Tabla1[[#This Row],[GENERO_MASCULINO]:[GENERO_FEMENINO]],"FEMENINO") -> 0 | AH15: 19 | AI15: 64 | AN15: 115 | AO15: =IFERROR(((VLOOKUP(Tabla1[[#This Row],[HIPOTESIS_1]],listas!$D$1:$E$105,2,FALSE))),"SIN INFORMACIÓN") -> Embriaguez o Sustancias alucinogenas | AP15: 127 | AQ15: =IFERROR(((VLOOKUP(Tabla1[[#This Row],[HIPOTESIS_2]],listas!$D$1:$E$105,2,FALSE))),"") -> Transitar en contravía. | AR15: =IF(HOUR(Tabla1[[#This Row],[HORA_ACCIDENTE]])<6,"MAÑANA", IF(HOUR(Tabla1[[#This Row],[HORA_ACCIDENTE]])<12,"MAÑANA", IF(HOUR(Tabla1[[#This Row],[HORA_ACCIDENTE]])<18,"TARDE","NOCHE"))) -> TARDE
A16: 369 | B16: 0 | C16: 2 | D16: 0 | E16: =IF(D16>=1,"FALLECIDO",IF(C16>=1,"LESIONADO",IF(B16>=1,"SOLO DAÑO",""))) -> LESIONADO | F16: CARRERA 23 # 17 | G16: 5.3427833 | H16: -72.394019 | I16: MOVILIDAD | J16: URBANO | K16: =UPPER(TEXT(M16,"YYYY")) -> 2022 | L16: =UPPER(TEXT(M16,"MMMM")) -> DICIEMBRE | M16: 44902 | N16: =UPPER(TEXT(M16,"DDDD")) -> MIÉRCOLES | O16: 0.72916667 | P16: MOTOCICLETA | Q16: CAMIONETA | R16: =COUNTIF(Tabla1[[#This Row],[VEHICULOS_ACCIDENTADOS]:[VEHICULOS_ACCIDENTADOS2]],"MOTOCICLETA") -> 1 | S16: =COUNTIF(Tabla1[[#This Row],[VEHICULOS_ACCIDENTADOS]:[VEHICULOS_ACCIDENTADOS2]],"MOTOCARRO") -> 0 | T16: =COUNTIF(Tabla1[[#This Row],[VEHICULOS_ACCIDENTADOS]:[VEHICULOS_ACCIDENTADOS2]],"AUTOMOVIL") -> 0 | U16: =COUNTIF(Tabla1[[#This Row],[VEHICULOS_ACCIDENTADOS]:[VEHICULOS_ACCIDENTADOS2]],"CAMPERO") -> 0 | V16: =COUNTIF(Tabla1[[#This Row],[VEHICULOS_ACCIDENTADOS]:[VEHICULOS_ACCIDENTADOS2]],"CAMIONETA") -> 1 | W16: =COUNTIF(Tabla1[[#This Row],[VEHICULOS_ACCIDENTADOS]:[VEHICULOS_ACCIDENTADOS2]],"MICROBUS") -> 0 | X16: =COUNTIF(Tabla1[[#This Row],[VEHICULOS_ACCIDENTADOS]:[VEHICULOS_ACCIDENTADOS2]],"BUS") -> 0 | Y16: =COUNTIF(Tabla1[[#This Row],[VEHICULOS_ACCIDENTADOS]:[VEHICULOS_ACCIDENTADOS2]],"BUSETA") -> 0 | Z16: =COUNTIF(Tabla1[[#This Row],[VEHICULOS_ACCIDENTADOS]:[VEHICULOS_ACCIDENTADOS2]],"CAMION") -> 0 | AA16: =COUNTIF(Tabla1[[#This Row],[VEHICULOS_ACCIDENTADOS]:[VEHICULOS_ACCIDENTADOS2]],"TRACTOCAMION") -> 0 | AB16: =COUNTIF(Tabla1[[#This Row],[VEHICULOS_ACCIDENTADOS]:[VEHICULOS_ACCIDENTADOS2]],"VOLQUETA") -> 0 | AC16: =COUNTIF(Tabla1[[#This Row],[VEHICULOS_ACCIDENTADOS]:[VEHICULOS_ACCIDENTADOS2]],"BICICLETA") -> 0 | AE16: FEMENINO | AF16: =COUNTIF(Tabla1[[#This Row],[GENERO_MASCULINO]:[GENERO_FEMENINO]],"MASCULINO") -> 0 | AG16: =COUNTIF(Tabla1[[#This Row],[GENERO_MASCULINO]:[GENERO_FEMENINO]],"FEMENINO") -> 1 | AH16: 32 | AL16: 12 | AN16: 112 | AO16: =IFERROR(((VLOOKUP(Tabla1[[#This Row],[HIPOTESIS_1]],listas!$D$1:$E$105,2,FALSE))),"SIN INFORMACIÓN") -> Desobedecer señales o normas de tránsito. | AP16: 127 | AQ16: =IFERROR(((VLOOKUP(Tabla1[[#This Row],[HIPOTESIS_2]],listas!$D$1:$E$105,2,FALSE))),"") -> Transitar en contravía. | AR16: =IF(HOUR(Tabla1[[#This Row],[HORA_ACCIDENTE]])<6,"MAÑANA", IF(HOUR(Tabla1[[#This Row],[HORA_ACCIDENTE]])<12,"MAÑANA", IF(HOUR(Tabla1[[#This Row],[HORA_ACCIDENTE]])<18,"TARDE","NOCHE"))) -> TARDE
A17: 834 | B17: 1 | C17: 0 | D17: 0 | E17: =IF(D17>=1,"FALLECIDO",IF(C17>=1,"LESIONADO",IF(B17>=1,"SOLO DAÑO",""))) -> SOLO DAÑO | F17: CARRERA 23 CALLE 39 | G17: 5.3251547 | H17: -72.384342 | I17: MOVILIDAD | J17: URBANO | K17: =UPPER(TEXT(M17,"YYYY")) -> 2024 | L17: =UPPER(TEXT(M17,"MMMM")) -> DICIEMBRE | M17: 45640 | N17: =UPPER(TEXT(M17,"DDDD")) -> SÁBADO | O17: 0.79166667 | P17: MOTOCICLETA | Q17: BICICLETA | R17: =COUNTIF(Tabla1[[#This Row],[VEHICULOS_ACCIDENTADOS]:[VEHICULOS_ACCIDENTADOS2]],"MOTOCICLETA") -> 1 | S17: =COUNTIF(Tabla1[[#This Row],[VEHICULOS_ACCIDENTADOS]:[VEHICULOS_ACCIDENTADOS2]],"MOTOCARRO") -> 0 | T17: =COUNTIF(Tabla1[[#This Row],[VEHICULOS_ACCIDENTADOS]:[VEHICULOS_ACCIDENTADOS2]],"AUTOMOVIL") -> 0 | U17: =COUNTIF(Tabla1[[#This Row],[VEHICULOS_ACCIDENTADOS]:[VEHICULOS_ACCIDENTADOS2]],"CAMPERO") -> 0 | V17: =COUNTIF(Tabla1[[#This Row],[VEHICULOS_ACCIDENTADOS]:[VEHICULOS_ACCIDENTADOS2]],"CAMIONETA") -> 0 | W17: =COUNTIF(Tabla1[[#This Row],[VEHICULOS_ACCIDENTADOS]:[VEHICULOS_ACCIDENTADOS2]],"MICROBUS") -> 0 | X17: =COUNTIF(Tabla1[[#This Row],[VEHICULOS_ACCIDENTADOS]:[VEHICULOS_ACCIDENTADOS2]],"BUS") -> 0 | Y17: =COUNTIF(Tabla1[[#This Row],[VEHICULOS_ACCIDENTADOS]:[VEHICULOS_ACCIDENTADOS2]],"BUSETA") -> 0 | Z17: =COUNTIF(Tabla1[[#This Row],[VEHICULOS_ACCIDENTADOS]:[VEHICULOS_ACCIDENTADOS2]],"CAMION") -> 0 | AA17: =COUNTIF(Tabla1[[#This Row],[VEHICULOS_ACCIDENTADOS]:[VEHICULOS_ACCIDENTADOS2]],"TRACTOCAMION") -> 0 | AB17: =COUNTIF(Tabla1[[#This Row],[VEHICULOS_ACCIDENTADOS]:[VEHICULOS_ACCIDENTADOS2]],"VOLQUETA") -> 0 | AC17: =COUNTIF(Tabla1[[#This Row],[VEHICULOS_ACCIDENTADOS]:[VEHICULOS_ACCIDENTADOS2]],"BICICLETA") -> 1 | AD17: MASCULINO | AF17: =COUNTIF(Tabla1[[#This Row],[GENERO_MASCULINO]:[GENERO_FEMENINO]],"MASCULINO") -> 1 | AG17: =COUNTIF(Tabla1[[#This Row],[GENERO_MASCULINO]:[GENERO_FEMENINO]],"FEMENINO") -> 0 | AH17: 25 | AI17: 19 | AN17: 114 | AO17: =IFERROR(((VLOOKUP(Tabla1[[#This Row],[HIPOTESIS_1]],listas!$D$1:$E$105,2,FALSE))),"SIN INFORMACIÓN") -> Embriaguez aparente. | AP17: 127 | AQ17: =IFERROR(((VLOOKUP(Tabla1[[#This Row],[HIPOTESIS_2]],listas!$D$1:$E$105,2,FALSE))),"") -> Transitar en contravía. | AR17: =IF(HOUR(Tabla1[[#This Row],[HORA_ACCIDENTE]])<6,"MAÑANA", IF(HOUR(Tabla1[[#This Row],[HORA_ACCIDENTE]])<12,"MAÑANA", IF(HOUR(Tabla1[[#This Row],[HORA_ACCIDENTE]])<18,"TARDE","NOCHE"))) -> NOCHE
A18: 782 | B18: 0 | C18: 2 | D18: 0 | E18: =IF(D18>=1,"FALLECIDO",IF(C18>=1,"LESIONADO",IF(B18>=1,"SOLO DAÑO",""))) -> LESIONADO | F18: CARRERA 24 CALLE 21 | G18: 5.3401292 | H18: -72.391458 | I18: MOVILIDAD | J18: URBANO | K18: =UPPER(TEXT(M18,"YYYY")) -> 2024 | L18: =UPPER(TEXT(M18,"MMMM")) -> SEPTIEMBRE | M18: 45554 | N18: =UPPER(TEXT(M18,"DDDD")) -> JUEVES | O18: 0.63194444 | P18: CAMPERO | Q18: BICICLETA | R18: =COUNTIF(Tabla1[[#This Row],[VEHICULOS_ACCIDENTADOS]:[VEHICULOS_ACCIDENTADOS2]],"MOTOCICLETA") -> 0 | S18: =COUNTIF(Tabla1[[#This Row],[VEHICULOS_ACCIDENTADOS]:[VEHICULOS_ACCIDENTADOS2]],"MOTOCARRO") -> 0 | T18: =COUNTIF(Tabla1[[#This Row],[VEHICULOS_ACCIDENTADOS]:[VEHICULOS_ACCIDENTADOS2]],"AUTOMOVIL") -> 0 | U18: =COUNTIF(Tabla1[[#This Row],[VEHICULOS_ACCIDENTADOS]:[VEHICULOS_ACCIDENTADOS2]],"CAMPERO") -> 1 | V18: =COUNTIF(Tabla1[[#This Row],[VEHICULOS_ACCIDENTADOS]:[VEHICULOS_ACCIDENTADOS2]],"CAMIONETA") -> 0 | W18: =COUNTIF(Tabla1[[#This Row],[VEHICULOS_ACCIDENTADOS]:[VEHICULOS_ACCIDENTADOS2]],"MICROBUS") -> 0 | X18: =COUNTIF(Tabla1[[#This Row],[VEHICULOS_ACCIDENTADOS]:[VEHICULOS_ACCIDENTADOS2]],"BUS") -> 0 | Y18: =COUNTIF(Tabla1[[#This Row],[VEHICULOS_ACCIDENTADOS]:[VEHICULOS_ACCIDENTADOS2]],"BUSETA") -> 0 | Z18: =COUNTIF(Tabla1[[#This Row],[VEHICULOS_ACCIDENTADOS]:[VEHICULOS_ACCIDENTADOS2]],"CAMION") -> 0 | AA18: =COUNTIF(Tabla1[[#This Row],[VEHICULOS_ACCIDENTADOS]:[VEHICULOS_ACCIDENTADOS2]],"TRACTOCAMION") -> 0 | AB18: =COUNTIF(Tabla1[[#This Row],[VEHICULOS_ACCIDENTADOS]:[VEHICULOS_ACCIDENTADOS2]],"VOLQUETA") -> 0 | AC18: =COUNTIF(Tabla1[[#This Row],[VEHICULOS_ACCIDENTADOS]:[VEHICULOS_ACCIDENTADOS2]],"BICICLETA") -> 1 | AD18: MASCULINO | AE18: FEMENINO | AF18: =COUNTIF(Tabla1[[#This Row],[GENERO_MASCULINO]:[GENERO_FEMENINO]],"MASCULINO") -> 1 | AG18: =COUNTIF(Tabla1[[#This Row],[GENERO_MASCULINO]:[GENERO_FEMENINO]],"FEMENINO") -> 1 | AH18: 53 | AI18: 14 | AJ18: 3 | AN18: 90 | AO18: =IFERROR(((VLOOKUP(Tabla1[[#This Row],[HIPOTESIS_1]],listas!$D$1:$E$105,2,FALSE))),"SIN INFORMACIÓN") -> Transportar otra persona o cosas. | AP18: 127 | AQ18: =IFERROR(((VLOOKUP(Tabla1[[#This Row],[HIPOTESIS_2]],listas!$D$1:$E$105,2,FALSE))),"") -> Transitar en contravía. | AR18: =IF(HOUR(Tabla1[[#This Row],[HORA_ACCIDENTE]])<6,"MAÑANA", IF(HOUR(Tabla1[[#This Row],[HORA_ACCIDENTE]])<12,"MAÑANA", IF(HOUR(Tabla1[[#This Row],[HORA_ACCIDENTE]])<18,"TARDE","NOCHE"))) -> TARDE
A19: 65 | B19: 1 | C19: 0 | D19: 0 | E19: =IF(D19>=1,"FALLECIDO",IF(C19>=1,"LESIONADO",IF(B19>=1,"SOLO DAÑO",""))) -> SOLO DAÑO | F19: CARRERA 28 # 21 | G19: 5.3418444 | H19: -72.388286 | I19: MOVILIDAD | J19: URBANO | K19: =UPPER(TEXT(M19,"YYYY")) -> 2022 | L19: =UPPER(TEXT(M19,"MMMM")) -> FEBRERO | M19: 44615 | N19: =UPPER(TEXT(M19,"DDDD")) -> MIÉRCOLES | O19: 0.77083333 | P19: AUTOMOVIL | Q19: AUTOMOVIL | R19: =COUNTIF(Tabla1[[#This Row],[VEHICULOS_ACCIDENTADOS]:[VEHICULOS_ACCIDENTADOS2]],"MOTOCICLETA") -> 0 | S19: =COUNTIF(Tabla1[[#This Row],[VEHICULOS_ACCIDENTADOS]:[VEHICULOS_ACCIDENTADOS2]],"MOTOCARRO") -> 0 | T19: =COUNTIF(Tabla1[[#This Row],[VEHICULOS_ACCIDENTADOS]:[VEHICULOS_ACCIDENTADOS2]],"AUTOMOVIL") -> 2 | U19: =COUNTIF(Tabla1[[#This Row],[VEHICULOS_ACCIDENTADOS]:[VEHICULOS_ACCIDENTADOS2]],"CAMPERO") -> 0 | V19: =COUNTIF(Tabla1[[#This Row],[VEHICULOS_ACCIDENTADOS]:[VEHICULOS_ACCIDENTADOS2]],"CAMIONETA") -> 0 | W19: =COUNTIF(Tabla1[[#This Row],[VEHICULOS_ACCIDENTADOS]:[VEHICULOS_ACCIDENTADOS2]],"MICROBUS") -> 0 | X19: =COUNTIF(Tabla1[[#This Row],[VEHICULOS_ACCIDENTADOS]:[VEHICULOS_ACCIDENTADOS2]],"BUS") -> 0 | Y19: =COUNTIF(Tabla1[[#This Row],[VEHICULOS_ACCIDENTADOS]:[VEHICULOS_ACCIDENTADOS2]],"BUSETA") -> 0 | Z19: =COUNTIF(Tabla1[[#This Row],[VEHICULOS_ACCIDENTADOS]:[VEHICULOS_ACCIDENTADOS2]],"CAMION") -> 0 | AA19: =COUNTIF(Tabla1[[#This Row],[VEHICULOS_ACCIDENTADOS]:[VEHICULOS_ACCIDENTADOS2]],"TRACTOCAMION") -> 0 | AB19: =COUNTIF(Tabla1[[#This Row],[VEHICULOS_ACCIDENTADOS]:[VEHICULOS_ACCIDENTADOS2]],"VOLQUETA") -> 0 | AC19: =COUNTIF(Tabla1[[#This Row],[VEHICULOS_ACCIDENTADOS]:[VEHICULOS_ACCIDENTADOS2]],"BICICLETA") -> 0 | AD19: MASCULINO | AF19: =COUNTIF(Tabla1[[#This Row],[GENERO_MASCULINO]:[GENERO_FEMENINO]],"MASCULINO") -> 1 | AG19: =COUNTIF(Tabla1[[#This Row],[GENERO_MASCULINO]:[GENERO_FEMENINO]],"FEMENINO") -> 0 | AN19: 139 | AO19: =IFERROR(((VLOOKUP(Tabla1[[#This Row],[HIPOTESIS_1]],listas!$D$1:$E$105,2,FALSE))),"SIN INFORMACIÓN") -> Impericia en el manejo. | AP19: 127 | AQ19: =IFERROR(((VLOOKUP(Tabla1[[#This Row],[HIPOTESIS_2]],listas!$D$1:$E$105,2,FALSE))),"") -> Transitar en contravía. | AR19: =IF(HOUR(Tabla1[[#This Row],[HORA_ACCIDENTE]])<6,"MAÑANA", IF(HOUR(Tabla1[[#This Row],[HORA_ACCIDENTE]])<12,"MAÑANA", IF(HOUR(Tabla1[[#This Row],[HORA_ACCIDENTE]])<18,"TARDE","NOCHE"))) -> NOCHE
A20: 569 | B20: 1 | C20: 0 | D20: 0 | E20: =IF(D20>=1,"FALLECIDO",IF(C20>=1,"LESIONADO",IF(B20>=1,"SOLO DAÑO",""))) -> SOLO DAÑO | F20: CARRERA 43 CALLE 30 | G20: 5.34164 | H20: -72.372989 | I20: MOVILIDAD | J20: URBANO | K20: =UPPER(TEXT(M20,"YYYY")) -> 2023 | L20: =UPPER(TEXT(M20,"MMMM")) -> OCTUBRE | M20: 45206 | N20: =UPPER(TEXT(M20,"DDDD")) -> SÁBADO | O20: 0.91666667 | P20: MOTOCICLETA | Q20: MOTOCICLETA | R20: =COUNTIF(Tabla1[[#This Row],[VEHICULOS_ACCIDENTADOS]:[VEHICULOS_ACCIDENTADOS2]],"MOTOCICLETA") -> 2 | S20: =COUNTIF(Tabla1[[#This Row],[VEHICULOS_ACCIDENTADOS]:[VEHICULOS_ACCIDENTADOS2]],"MOTOCARRO") -> 0 | T20: =COUNTIF(Tabla1[[#This Row],[VEHICULOS_ACCIDENTADOS]:[VEHICULOS_ACCIDENTADOS2]],"AUTOMOVIL") -> 0 | U20: =COUNTIF(Tabla1[[#This Row],[VEHICULOS_ACCIDENTADOS]:[VEHICULOS_ACCIDENTADOS2]],"CAMPERO") -> 0 | V20: =COUNTIF(Tabla1[[#This Row],[VEHICULOS_ACCIDENTADOS]:[VEHICULOS_ACCIDENTADOS2]],"CAMIONETA") -> 0 | W20: =COUNTIF(Tabla1[[#This Row],[VEHICULOS_ACCIDENTADOS]:[VEHICULOS_ACCIDENTADOS2]],"MICROBUS") -> 0 | X20: =COUNTIF(Tabla1[[#This Row],[VEHICULOS_ACCIDENTADOS]:[VEHICULOS_ACCIDENTADOS2]],"BUS") -> 0 | Y20: =COUNTIF(Tabla1[[#This Row],[VEHICULOS_ACCIDENTADOS]:[VEHICULOS_ACCIDENTADOS2]],"BUSETA") -> 0 | Z20: =COUNTIF(Tabla1[[#This Row],[VEHICULOS_ACCIDENTADOS]:[VEHICULOS_ACCIDENTADOS2]],"CAMION") -> 0 | AA20: =COUNTIF(Tabla1[[#This Row],[VEHICULOS_ACCIDENTADOS]:[VEHICULOS_ACCIDENTADOS2]],"TRACTOCAMION") -> 0 | AB20: =COUNTIF(Tabla1[[#This Row],[VEHICULOS_ACCIDENTADOS]:[VEHICULOS_ACCIDENTADOS2]],"VOLQUETA") -> 0 | AC20: =COUNTIF(Tabla1[[#This Row],[VEHICULOS_ACCIDENTADOS]:[VEHICULOS_ACCIDENTADOS2]],"BICICLETA") -> 0 | AD20: MASCULINO | AF20: =COUNTIF(Tabla1[[#This Row],[GENERO_MASCULINO]:[GENERO_FEMENINO]],"MASCULINO") -> 1 | AG20: =COUNTIF(Tabla1[[#This Row],[GENERO_MASCULINO]:[GENERO_FEMENINO]],"FEMENINO") -> 0 | AN20: 115 | AO20: =IFERROR(((VLOOKUP(Tabla1[[#This Row],[HIPOTESIS_1]],listas!$D$1:$E$105,2,FALSE))),"SIN INFORMACIÓN") -> Embriaguez o Sustancias alucinogenas | AP20: 127 | AQ20: =IFERROR(((VLOOKUP(Tabla1[[#This Row],[HIPOTESIS_2]],listas!$D$1:$E$105,2,FALSE))),"") -> Transitar en contravía. | AR20: =IF(HOUR(Tabla1[[#This Row],[HORA_ACCIDENTE]])<6,"MAÑANA", IF(HOUR(Tabla1[[#This Row],[HORA_ACCIDENTE]])<12,"MAÑANA", IF(HOUR(Tabla1[[#This Row],[HORA_ACCIDENTE]])<18,"TARDE","NOCHE"))) -> NOCHE
A21: 856 | B21: 0 | C21: 1 | D21: 1 | E21: =IF(D21>=1,"FALLECIDO",IF(C21>=1,"LESIONADO",IF(B21>=1,"SOLO DAÑO",""))) -> FALLECIDO | F21: CARRERA 5 CALLE 6 CORREGIMIENTO DE MORICHAL | G21: 5.226339 | H21: -72.38925 | I21: MOVILIDAD | J21: RURAL | K21: =UPPER(TEXT(M21,"YYYY")) -> 2025 | L21: =UPPER(TEXT(M21,"MMMM")) -> ENERO | M21: 45673 | N21: =UPPER(TEXT(M21,"DDDD")) -> JUEVES | O21: 0.42361111 | P21: CAMION | Q21: MOTOCICLETA | R21: =COUNTIF(Tabla1[[#This Row],[VEHICULOS_ACCIDENTADOS]:[VEHICULOS_ACCIDENTADOS2]],"MOTOCICLETA") -> 1 | S21: =COUNTIF(Tabla1[[#This Row],[VEHICULOS_ACCIDENTADOS]:[VEHICULOS_ACCIDENTADOS2]],"MOTOCARRO") -> 0 | T21: =COUNTIF(Tabla1[[#This Row],[VEHICULOS_ACCIDENTADOS]:[VEHICULOS_ACCIDENTADOS2]],"AUTOMOVIL") -> 0 | U21: =COUNTIF(Tabla1[[#This Row],[VEHICULOS_ACCIDENTADOS]:[VEHICULOS_ACCIDENTADOS2]],"CAMPERO") -> 0 | V21: =COUNTIF(Tabla1[[#This Row],[VEHICULOS_ACCIDENTADOS]:[VEHICULOS_ACCIDENTADOS2]],"CAMIONETA") -> 0 | W21: =COUNTIF(Tabla1[[#This Row],[VEHICULOS_ACCIDENTADOS]:[VEHICULOS_ACCIDENTADOS2]],"MICROBUS") -> 0 | X21: =COUNTIF(Tabla1[[#This Row],[VEHICULOS_ACCIDENTADOS]:[VEHICULOS_ACCIDENTADOS2]],"BUS") -> 0 | Y21: =COUNTIF(Tabla1[[#This Row],[VEHICULOS_ACCIDENTADOS]:[VEHICULOS_ACCIDENTADOS2]],"BUSETA") -> 0 | Z21: =COUNTIF(Tabla1[[#This Row],[VEHICULOS_ACCIDENTADOS]:[VEHICULOS_ACCIDENTADOS2]],"CAMION") -> 1 | AA21: =COUNTIF(Tabla1[[#This Row],[VEHICULOS_ACCIDENTADOS]:[VEHICULOS_ACCIDENTADOS2]],"TRACTOCAMION") -> 0 | AB21: =COUNTIF(Tabla1[[#This Row],[VEHICULOS_ACCIDENTADOS]:[VEHICULOS_ACCIDENTADOS2]],"VOLQUETA") -> 0 | AC21: =COUNTIF(Tabla1[[#This Row],[VEHICULOS_ACCIDENTADOS]:[VEHICULOS_ACCIDENTADOS2]],"BICICLETA") -> 0 | AD21: MASCULINO | AE21: MASCULINO | AF21: =COUNTIF(Tabla1[[#This Row],[GENERO_MASCULINO]:[GENERO_FEMENINO]],"MASCULINO") -> 2 | AG21: =COUNTIF(Tabla1[[#This Row],[GENERO_MASCULINO]:[GENERO_FEMENINO]],"FEMENINO") -> 0 | AH21: 28 | AI21: 57 | AJ21: 51 | AM21: 28 | AN21: 114 | AO21: =IFERROR(((VLOOKUP(Tabla1[[#This Row],[HIPOTESIS_1]],listas!$D$1:$E$105,2,FALSE))),"SIN INFORMACIÓN") -> Embriaguez aparente. | AP21: 127 | AQ21: =IFERROR(((VLOOKUP(Tabla1[[#This Row],[HIPOTESIS_2]],listas!$D$1:$E$105,2,FALSE))),"") -> Transitar en contravía. | AR21: =IF(HOUR(Tabla1[[#This Row],[HORA_ACCIDENTE]])<6,"MAÑANA", IF(HOUR(Tabla1[[#This Row],[HORA_ACCIDENTE]])<12,"MAÑANA", IF(HOUR(Tabla1[[#This Row],[HORA_ACCIDENTE]])<18,"TARDE","NOCHE"))) -> MAÑANA
A22: 521 | B22: 0 | C22: 2 | D22: 0 | E22: =IF(D22>=1,"FALLECIDO",IF(C22>=1,"LESIONADO",IF(B22>=1,"SOLO DAÑO",""))) -> LESIONADO | F22: CARRERA 7B OESTE CALLE 65 | G22: 5.3005472 | H22: -72.419972 | I22: MOVILIDAD | J22: URBANO | K22: =UPPER(TEXT(M22,"YYYY")) -> 2023 | L22: =UPPER(TEXT(M22,"MMMM")) -> JULIO | M22: 45120 | N22: =UPPER(TEXT(M22,"DDDD")) -> JUEVES | O22: 0.77083333 | P22: MOTOCICLETA | R22: =COUNTIF(Tabla1[[#This Row],[VEHICULOS_ACCIDENTADOS]:[VEHICULOS_ACCIDENTADOS2]],"MOTOCICLETA") -> 1 | S22: =COUNTIF(Tabla1[[#This Row],[VEHICULOS_ACCIDENTADOS]:[VEHICULOS_ACCIDENTADOS2]],"MOTOCARRO") -> 0 | T22: =COUNTIF(Tabla1[[#This Row],[VEHICULOS_ACCIDENTADOS]:[VEHICULOS_ACCIDENTADOS2]],"AUTOMOVIL") -> 0 | U22: =COUNTIF(Tabla1[[#This Row],[VEHICULOS_ACCIDENTADOS]:[VEHICULOS_ACCIDENTADOS2]],"CAMPERO") -> 0 | V22: =COUNTIF(Tabla1[[#This Row],[VEHICULOS_ACCIDENTADOS]:[VEHICULOS_ACCIDENTADOS2]],"CAMIONETA") -> 0 | W22: =COUNTIF(Tabla1[[#This Row],[VEHICULOS_ACCIDENTADOS]:[VEHICULOS_ACCIDENTADOS2]],"MICROBUS") -> 0 | X22: =COUNTIF(Tabla1[[#This Row],[VEHICULOS_ACCIDENTADOS]:[VEHICULOS_ACCIDENTADOS2]],"BUS") -> 0 | Y22: =COUNTIF(Tabla1[[#This Row],[VEHICULOS_ACCIDENTADOS]:[VEHICULOS_ACCIDENTADOS2]],"BUSETA") -> 0 | Z22: =COUNTIF(Tabla1[[#This Row],[VEHICULOS_ACCIDENTADOS]:[VEHICULOS_ACCIDENTADOS2]],"CAMION") -> 0 | AA22: =COUNTIF(Tabla1[[#This Row],[VEHICULOS_ACCIDENTADOS]:[VEHICULOS_ACCIDENTADOS2]],"TRACTOCAMION") -> 0 | AB22: =COUNTIF(Tabla1[[#This Row],[VEHICULOS_ACCIDENTADOS]:[VEHICULOS_ACCIDENTADOS2]],"VOLQUETA") -> 0 | AC22: =COUNTIF(Tabla1[[#This Row],[VEHICULOS_ACCIDENTADOS]:[VEHICULOS_ACCIDENTADOS2]],"BICICLETA") -> 0 | AE22: FEMENINO | AF22: =COUNTIF(Tabla1[[#This Row],[GENERO_MASCULINO]:[GENERO_FEMENINO]],"MASCULINO") -> 0 | AG22: =COUNTIF(Tabla1[[#This Row],[GENERO_MASCULINO]:[GENERO_FEMENINO]],"FEMENINO") -> 1 | AH22: 24 | AK22: 77 | AN22: 139 | AO22: =IFERROR(((VLOOKUP(Tabla1[[#This Row],[HIPOTESIS_1]],listas!$D$1:$E$105,2,FALSE))),"SIN INFORMACIÓN") -> Impericia en el manejo. | AP22: 127 | AQ22: =IFERROR(((VLOOKUP(Tabla1[[#This Row],[HIPOTESIS_2]],listas!$D$1:$E$105,2,FALSE))),"") -> Transitar en contravía. | AR22: =IF(HOUR(Tabla1[[#This Row],[HORA_ACCIDENTE]])<6,"MAÑANA", IF(HOUR(Tabla1[[#This Row],[HORA_ACCIDENTE]])<12,"MAÑANA", IF(HOUR(Tabla1[[#This Row],[HORA_ACCIDENTE]])<18,"TARDE","NOCHE"))) -> NOCHE
A23: 541 | B23: 0 | C23: 0 | D23: 1 | E23: =IF(D23>=1,"FALLECIDO",IF(C23>=1,"LESIONADO",IF(B23>=1,"SOLO DAÑO",""))) -> FALLECIDO | F23: KM. 1 + 500 metros de la via yopal - aguazul | G23: 5.3200711 | H23: -72.417413 | I23: DITRA | J23: RURAL | K23: =UPPER(TEXT(M23,"YYYY")) -> 2023 | L23: =UPPER(TEXT(M23,"MMMM")) -> AGOSTO | M23: 45164 | N23: =UPPER(TEXT(M23,"DDDD")) -> SÁBADO | O23: 0.94444444 | P23: MOTOCICLETA | Q23: AUTOMOVIL | R23: =COUNTIF(Tabla1[[#This Row],[VEHICULOS_ACCIDENTADOS]:[VEHICULOS_ACCIDENTADOS2]],"MOTOCICLETA") -> 1 | S23: =COUNTIF(Tabla1[[#This Row],[VEHICULOS_ACCIDENTADOS]:[VEHICULOS_ACCIDENTADOS2]],"MOTOCARRO") -> 0 | T23: =COUNTIF(Tabla1[[#This Row],[VEHICULOS_ACCIDENTADOS]:[VEHICULOS_ACCIDENTADOS2]],"AUTOMOVIL") -> 1 | U23: =COUNTIF(Tabla1[[#This Row],[VEHICULOS_ACCIDENTADOS]:[VEHICULOS_ACCIDENTADOS2]],"CAMPERO") -> 0 | V23: =COUNTIF(Tabla1[[#This Row],[VEHICULOS_ACCIDENTADOS]:[VEHICULOS_ACCIDENTADOS2]],"CAMIONETA") -> 0 | W23: =COUNTIF(Tabla1[[#This Row],[VEHICULOS_ACCIDENTADOS]:[VEHICULOS_ACCIDENTADOS2]],"MICROBUS") -> 0 | X23: =COUNTIF(Tabla1[[#This Row],[VEHICULOS_ACCIDENTADOS]:[VEHICULOS_ACCIDENTADOS2]],"BUS") -> 0 | Y23: =COUNTIF(Tabla1[[#This Row],[VEHICULOS_ACCIDENTADOS]:[VEHICULOS_ACCIDENTADOS2]],"BUSETA") -> 0 | Z23: =COUNTIF(Tabla1[[#This Row],[VEHICULOS_ACCIDENTADOS]:[VEHICULOS_ACCIDENTADOS2]],"CAMION") -> 0 | AA23: =COUNTIF(Tabla1[[#This Row],[VEHICULOS_ACCIDENTADOS]:[VEHICULOS_ACCIDENTADOS2]],"TRACTOCAMION") -> 0 | AB23: =COUNTIF(Tabla1[[#This Row],[VEHICULOS_ACCIDENTADOS]:[VEHICULOS_ACCIDENTADOS2]],"VOLQUETA") -> 0 | AC23: =COUNTIF(Tabla1[[#This Row],[VEHICULOS_ACCIDENTADOS]:[VEHICULOS_ACCIDENTADOS2]],"BICICLETA") -> 0 | AE23: FEMENINO | AF23: =COUNTIF(Tabla1[[#This Row],[GENERO_MASCULINO]:[GENERO_FEMENINO]],"MASCULINO") -> 0 | AG23: =COUNTIF(Tabla1[[#This Row],[GENERO_MASCULINO]:[GENERO_FEMENINO]],"FEMENINO") -> 1 | AM23: 36 | AN23: 139 | AO23: =IFERROR(((VLOOKUP(Tabla1[[#This Row],[HIPOTESIS_1]],listas!$D$1:$E$105,2,FALSE))),"SIN INFORMACIÓN") -> Impericia en el manejo. | AP23: 127 | AQ23: =IFERROR(((VLOOKUP(Tabla1[[#This Row],[HIPOTESIS_2]],listas!$D$1:$E$105,2,FALSE))),"") -> Transitar en contravía. | AR23: =IF(HOUR(Tabla1[[#This Row],[HORA_ACCIDENTE]])<6,"MAÑANA", IF(HOUR(Tabla1[[#This Row],[HORA_ACCIDENTE]])<12,"MAÑANA", IF(HOUR(Tabla1[[#This Row],[HORA_ACCIDENTE]])<18,"TARDE","NOCHE"))) -> NOCHE
A24: 196 | B24: 0 | C24: 1 | D24: 0 | E24: =IF(D24>=1,"FALLECIDO",IF(C24>=1,"LESIONADO",IF(B24>=1,"SOLO DAÑO",""))) -> LESIONADO | F24: CARRERA 14A DIAGONAL 47 | G24: 5.3144972 | H24: -72.394403 | I24: MOVILIDAD | J24: URBANO | K24: =UPPER(TEXT(M24,"YYYY")) -> 2022 | L24: =UPPER(TEXT(M24,"MMMM")) -> MAYO | M24: 44708 | N24: =UPPER(TEXT(M24,"DDDD")) -> VIERNES | O24: 0.77083333 | P24: MOTOCICLETA | Q24: AUTOMOVIL | R24: =COUNTIF(Tabla1[[#This Row],[VEHICULOS_ACCIDENTADOS]:[VEHICULOS_ACCIDENTADOS2]],"MOTOCICLETA") -> 1 | S24: =COUNTIF(Tabla1[[#This Row],[VEHICULOS_ACCIDENTADOS]:[VEHICULOS_ACCIDENTADOS2]],"MOTOCARRO") -> 0 | T24: =COUNTIF(Tabla1[[#This Row],[VEHICULOS_ACCIDENTADOS]:[VEHICULOS_ACCIDENTADOS2]],"AUTOMOVIL") -> 1 | U24: =COUNTIF(Tabla1[[#This Row],[VEHICULOS_ACCIDENTADOS]:[VEHICULOS_ACCIDENTADOS2]],"CAMPERO") -> 0 | V24: =COUNTIF(Tabla1[[#This Row],[VEHICULOS_ACCIDENTADOS]:[VEHICULOS_ACCIDENTADOS2]],"CAMIONETA") -> 0 | W24: =COUNTIF(Tabla1[[#This Row],[VEHICULOS_ACCIDENTADOS]:[VEHICULOS_ACCIDENTADOS2]],"MICROBUS") -> 0 | X24: =COUNTIF(Tabla1[[#This Row],[VEHICULOS_ACCIDENTADOS]:[VEHICULOS_ACCIDENTADOS2]],"BUS") -> 0 | Y24: =COUNTIF(Tabla1[[#This Row],[VEHICULOS_ACCIDENTADOS]:[VEHICULOS_ACCIDENTADOS2]],"BUSETA") -> 0 | Z24: =COUNTIF(Tabla1[[#This Row],[VEHICULOS_ACCIDENTADOS]:[VEHICULOS_ACCIDENTADOS2]],"CAMION") -> 0 | AA24: =COUNTIF(Tabla1[[#This Row],[VEHICULOS_ACCIDENTADOS]:[VEHICULOS_ACCIDENTADOS2]],"TRACTOCAMION") -> 0 | AB24: =COUNTIF(Tabla1[[#This Row],[VEHICULOS_ACCIDENTADOS]:[VEHICULOS_ACCIDENTADOS2]],"VOLQUETA") -> 0 | AC24: =COUNTIF(Tabla1[[#This Row],[VEHICULOS_ACCIDENTADOS]:[VEHICULOS_ACCIDENTADOS2]],"BICICLETA") -> 0 | AD24: MASCULINO | AF24: =COUNTIF(Tabla1[[#This Row],[GENERO_MASCULINO]:[GENERO_FEMENINO]],"MASCULINO") -> 1 | AG24: =COUNTIF(Tabla1[[#This Row],[GENERO_MASCULINO]:[GENERO_FEMENINO]],"FEMENINO") -> 0 | AH24: 16 | AN24: 139 | AO24: =IFERROR(((VLOOKUP(Tabla1[[#This Row],[HIPOTESIS_1]],listas!$D$1:$E$105,2,FALSE))),"SIN INFORMACIÓN") -> Impericia en el manejo. | AP24: 93 | AQ24: =IFERROR(((VLOOKUP(Tabla1[[#This Row],[HIPOTESIS_2]],listas!$D$1:$E$105,2,FALSE))),"") -> Transitar distante de la acera u orilla de la calzada. | AR24: =IF(HOUR(Tabla1[[#This Row],[HORA_ACCIDENTE]])<6,"MAÑANA", IF(HOUR(Tabla1[[#This Row],[HORA_ACCIDENTE]])<12,"MAÑANA", IF(HOUR(Tabla1[[#This Row],[HORA_ACCIDENTE]])<18,"TARDE","NOCHE"))) -> NOCHE
A25: 146 | B25: 0 | C25: 1 | D25: 0 | E25: =IF(D25>=1,"FALLECIDO",IF(C25>=1,"LESIONADO",IF(B25>=1,"SOLO DAÑO",""))) -> LESIONADO | F25: CARRERA 21 CALLE 26A | G25: 5.3341333 | H25: -72.391961 | I25: MOVILIDAD | J25: URBANO | K25: =UPPER(TEXT(M25,"YYYY")) -> 2022 | L25: =UPPER(TEXT(M25,"MMMM")) -> ABRIL | M25: 44675 | N25: =UPPER(TEXT(M25,"DDDD")) -> DOMINGO | O25: 0.8125 | P25: MOTOCICLETA | Q25: MOTOCICLETA | R25: =COUNTIF(Tabla1[[#This Row],[VEHICULOS_ACCIDENTADOS]:[VEHICULOS_ACCIDENTADOS2]],"MOTOCICLETA") -> 2 | S25: =COUNTIF(Tabla1[[#This Row],[VEHICULOS_ACCIDENTADOS]:[VEHICULOS_ACCIDENTADOS2]],"MOTOCARRO") -> 0 | T25: =COUNTIF(Tabla1[[#This Row],[VEHICULOS_ACCIDENTADOS]:[VEHICULOS_ACCIDENTADOS2]],"AUTOMOVIL") -> 0 | U25: =COUNTIF(Tabla1[[#This Row],[VEHICULOS_ACCIDENTADOS]:[VEHICULOS_ACCIDENTADOS2]],"CAMPERO") -> 0 | V25: =COUNTIF(Tabla1[[#This Row],[VEHICULOS_ACCIDENTADOS]:[VEHICULOS_ACCIDENTADOS2]],"CAMIONETA") -> 0 | W25: =COUNTIF(Tabla1[[#This Row],[VEHICULOS_ACCIDENTADOS]:[VEHICULOS_ACCIDENTADOS2]],"MICROBUS") -> 0 | X25: =COUNTIF(Tabla1[[#This Row],[VEHICULOS_ACCIDENTADOS]:[VEHICULOS_ACCIDENTADOS2]],"BUS") -> 0 | Y25: =COUNTIF(Tabla1[[#This Row],[VEHICULOS_ACCIDENTADOS]:[VEHICULOS_ACCIDENTADOS2]],"BUSETA") -> 0 | Z25: =COUNTIF(Tabla1[[#This Row],[VEHICULOS_ACCIDENTADOS]:[VEHICULOS_ACCIDENTADOS2]],"CAMION") -> 0 | AA25: =COUNTIF(Tabla1[[#This Row],[VEHICULOS_ACCIDENTADOS]:[VEHICULOS_ACCIDENTADOS2]],"TRACTOCAMION") -> 0 | AB25: =COUNTIF(Tabla1[[#This Row],[VEHICULOS_ACCIDENTADOS]:[VEHICULOS_ACCIDENTADOS2]],"VOLQUETA") -> 0 | AC25: =COUNTIF(Tabla1[[#This Row],[VEHICULOS_ACCIDENTADOS]:[VEHICULOS_ACCIDENTADOS2]],"BICICLETA") -> 0 | AE25: FEMENINO | AF25: =COUNTIF(Tabla1[[#This Row],[GENERO_MASCULINO]:[GENERO_FEMENINO]],"MASCULINO") -> 0 | AG25: =COUNTIF(Tabla1[[#This Row],[GENERO_MASCULINO]:[GENERO_FEMENINO]],"FEMENINO") -> 1 | AH25: 23 | AN25: 121 | AO25: =IFERROR(((VLOOKUP(Tabla1[[#This Row],[HIPOTESIS_1]],listas!$D$1:$E$105,2,FALSE))),"SIN INFORMACIÓN") -> No mantener distancia de seguridad. | AP25: 93 | AQ25: =IFERROR(((VLOOKUP(Tabla1[[#This Row],[HIPOTESIS_2]],listas!$D$1:$E$105,2,FALSE))),"") -> Transitar distante de la acera u orilla de la calzada. | AR25: =IF(HOUR(Tabla1[[#This Row],[HORA_ACCIDENTE]])<6,"MAÑANA", IF(HOUR(Tabla1[[#This Row],[HORA_ACCIDENTE]])<12,"MAÑANA", IF(HOUR(Tabla1[[#This Row],[HORA_ACCIDENTE]])<18,"TARDE","NOCHE"))) -> NOCHE
A26: 220 | B26: 0 | C26: 1 | D26: 0 | E26: =IF(D26>=1,"FALLECIDO",IF(C26>=1,"LESIONADO",IF(B26>=1,"SOLO DAÑO",""))) -> LESIONADO | F26: CARRERA 38 CALLE 40 | G26: 5.3333944 | H26: -72.374739 | I26: MOVILIDAD | J26: URBANO | K26: =UPPER(TEXT(M26,"YYYY")) -> 2022 | L26: =UPPER(TEXT(M26,"MMMM")) -> JUNIO | M26: 44728 | N26: =UPPER(TEXT(M26,"DDDD")) -> JUEVES | O26: 0.79861111 | P26: AUTOMOVIL | Q26: BICICLETA | R26: =COUNTIF(Tabla1[[#This Row],[VEHICULOS_ACCIDENTADOS]:[VEHICULOS_ACCIDENTADOS2]],"MOTOCICLETA") -> 0 | S26: =COUNTIF(Tabla1[[#This Row],[VEHICULOS_ACCIDENTADOS]:[VEHICULOS_ACCIDENTADOS2]],"MOTOCARRO") -> 0 | T26: =COUNTIF(Tabla1[[#This Row],[VEHICULOS_ACCIDENTADOS]:[VEHICULOS_ACCIDENTADOS2]],"AUTOMOVIL") -> 1 | U26: =COUNTIF(Tabla1[[#This Row],[VEHICULOS_ACCIDENTADOS]:[VEHICULOS_ACCIDENTADOS2]],"CAMPERO") -> 0 | V26: =COUNTIF(Tabla1[[#This Row],[VEHICULOS_ACCIDENTADOS]:[VEHICULOS_ACCIDENTADOS2]],"CAMIONETA") -> 0 | W26: =COUNTIF(Tabla1[[#This Row],[VEHICULOS_ACCIDENTADOS]:[VEHICULOS_ACCIDENTADOS2]],"MICROBUS") -> 0 | X26: =COUNTIF(Tabla1[[#This Row],[VEHICULOS_ACCIDENTADOS]:[VEHICULOS_ACCIDENTADOS2]],"BUS") -> 0 | Y26: =COUNTIF(Tabla1[[#This Row],[VEHICULOS_ACCIDENTADOS]:[VEHICULOS_ACCIDENTADOS2]],"BUSETA") -> 0 | Z26: =COUNTIF(Tabla1[[#This Row],[VEHICULOS_ACCIDENTADOS]:[VEHICULOS_ACCIDENTADOS2]],"CAMION") -> 0 | AA26: =COUNTIF(Tabla1[[#This Row],[VEHICULOS_ACCIDENTADOS]:[VEHICULOS_ACCIDENTADOS2]],"TRACTOCAMION") -> 0 | AB26: =COUNTIF(Tabla1[[#This Row],[VEHICULOS_ACCIDENTADOS]:[VEHICULOS_ACCIDENTADOS2]],"VOLQUETA") -> 0 | AC26: =COUNTIF(Tabla1[[#This Row],[VEHICULOS_ACCIDENTADOS]:[VEHICULOS_ACCIDENTADOS2]],"BICICLETA") -> 1 | AD26: MASCULINO | AF26: =COUNTIF(Tabla1[[#This Row],[GENERO_MASCULINO]:[GENERO_FEMENINO]],"MASCULINO") -> 1 | AG26: =COUNTIF(Tabla1[[#This Row],[GENERO_MASCULINO]:[GENERO_FEMENINO]],"FEMENINO") -> 0 | AH26: 29 | AN26: 115 | AO26: =IFERROR(((VLOOKUP(Tabla1[[#This Row],[HIPOTESIS_1]],listas!$D$1:$E$105,2,FALSE))),"SIN INFORMACIÓN") -> Embriaguez o Sustancias alucinogenas | AP26: 93 | AQ26: =IFERROR(((VLOOKUP(Tabla1[[#This Row],[HIPOTESIS_2]],listas!$D$1:$E$105,2,FALSE))),"") -> Transitar distante de la acera u orilla de la calzada. | AR26: =IF(HOUR(Tabla1[[#This Row],[HORA_ACCIDENTE]])<6,"MAÑANA", IF(HOUR(Tabla1[[#This Row],[HORA_ACCIDENTE]])<12,"MAÑANA", IF(HOUR(Tabla1[[#This Row],[HORA_ACCIDENTE]])<18,"TARDE","NOCHE"))) -> NOCHE
A27: 276 | B27: 0 | C27: 1 | D27: 0 | E27: =IF(D27>=1,"FALLECIDO",IF(C27>=1,"LESIONADO",IF(B27>=1,"SOLO DAÑO",""))) -> LESIONADO | F27: CARRERA 7 CALLE 40 | G27: 5.3185111 | H27: -72.402433 | I27: MOVILIDAD | J27: URBANO | K27: =UPPER(TEXT(M27,"YYYY")) -> 2022 | L27: =UPPER(TEXT(M27,"MMMM")) -> JULIO | M27: 44756 | N27: =UPPER(TEXT(M27,"DDDD")) -> JUEVES | O27: 0.79861111 | P27: MOTOCICLETA | Q27: CAMION | R27: =COUNTIF(Tabla1[[#This Row],[VEHICULOS_ACCIDENTADOS]:[VEHICULOS_ACCIDENTADOS2]],"MOTOCICLETA") -> 1 | S27: =COUNTIF(Tabla1[[#This Row],[VEHICULOS_ACCIDENTADOS]:[VEHICULOS_ACCIDENTADOS2]],"MOTOCARRO") -> 0 | T27: =COUNTIF(Tabla1[[#This Row],[VEHICULOS_ACCIDENTADOS]:[VEHICULOS_ACCIDENTADOS2]],"AUTOMOVIL") -> 0 | U27: =COUNTIF(Tabla1[[#This Row],[VEHICULOS_ACCIDENTADOS]:[VEHICULOS_ACCIDENTADOS2]],"CAMPERO") -> 0 | V27: =COUNTIF(Tabla1[[#This Row],[VEHICULOS_ACCIDENTADOS]:[VEHICULOS_ACCIDENTADOS2]],"CAMIONETA") -> 0 | W27: =COUNTIF(Tabla1[[#This Row],[VEHICULOS_ACCIDENTADOS]:[VEHICULOS_ACCIDENTADOS2]],"MICROBUS") -> 0 | X27: =COUNTIF(Tabla1[[#This Row],[VEHICULOS_ACCIDENTADOS]:[VEHICULOS_ACCIDENTADOS2]],"BUS") -> 0 | Y27: =COUNTIF(Tabla1[[#This Row],[VEHICULOS_ACCIDENTADOS]:[VEHICULOS_ACCIDENTADOS2]],"BUSETA") -> 0 | Z27: =COUNTIF(Tabla1[[#This Row],[VEHICULOS_ACCIDENTADOS]:[VEHICULOS_ACCIDENTADOS2]],"CAMION") -> 1 | AA27: =COUNTIF(Tabla1[[#This Row],[VEHICULOS_ACCIDENTADOS]:[VEHICULOS_ACCIDENTADOS2]],"TRACTOCAMION") -> 0 | AB27: =COUNTIF(Tabla1[[#This Row],[VEHICULOS_ACCIDENTADOS]:[VEHICULOS_ACCIDENTADOS2]],"VOLQUETA") -> 0 | AC27: =COUNTIF(Tabla1[[#This Row],[VEHICULOS_ACCIDENTADOS]:[VEHICULOS_ACCIDENTADOS2]],"BICICLETA") -> 0 | AD27: MASCULINO | AF27: =COUNTIF(Tabla1[[#This Row],[GENERO_MASCULINO]:[GENERO_FEMENINO]],"MASCULINO") -> 1 | AG27: =COUNTIF(Tabla1[[#This Row],[GENERO_MASCULINO]:[GENERO_FEMENINO]],"FEMENINO") -> 0 | AH27: 27 | AN27: 122 | AO27: =IFERROR(((VLOOKUP(Tabla1[[#This Row],[HIPOTESIS_1]],listas!$D$1:$E$105,2,FALSE))),"SIN INFORMACIÓN") -> Girar bruscamente. | AP27: 93 | AQ27: =IFERROR(((VLOOKUP(Tabla1[[#This Row],[HIPOTESIS_2]],listas!$D$1:$E$105,2,FALSE))),"") -> Transitar distante de la acera u orilla de la calzada. | AR27: =IF(HOUR(Tabla1[[#This Row],[HORA_ACCIDENTE]])<6,"MAÑANA", IF(HOUR(Tabla1[[#This Row],[HORA_ACCIDENTE]])<12,"MAÑANA", IF(HOUR(Tabla1[[#This Row],[HORA_ACCIDENTE]])<18,"TARDE","NOCHE"))) -> NOCHE
A28: 342 | B28: 0 | C28: 1 | D28: 0 | E28: =IF(D28>=1,"FALLECIDO",IF(C28>=1,"LESIONADO",IF(B28>=1,"SOLO DAÑO",""))) -> LESIONADO | F28: CALLE 60 # 1ESTE-54 | G28: 5.3135983 | H28: -72.267572 | I28: MOVILIDAD | J28: URBANO | K28: =UPPER(TEXT(M28,"YYYY")) -> 2022 | L28: =UPPER(TEXT(M28,"MMMM")) -> OCTUBRE | M28: 44862 | N28: =UPPER(TEXT(M28,"DDDD")) -> VIERNES | O28: 0.57291667 | P28: MOTOCICLETA | Q28: AUTOMOVIL | R28: =COUNTIF(Tabla1[[#This Row],[VEHICULOS_ACCIDENTADOS]:[VEHICULOS_ACCIDENTADOS2]],"MOTOCICLETA") -> 1 | S28: =COUNTIF(Tabla1[[#This Row],[VEHICULOS_ACCIDENTADOS]:[VEHICULOS_ACCIDENTADOS2]],"MOTOCARRO") -> 0 | T28: =COUNTIF(Tabla1[[#This Row],[VEHICULOS_ACCIDENTADOS]:[VEHICULOS_ACCIDENTADOS2]],"AUTOMOVIL") -> 1 | U28: =COUNTIF(Tabla1[[#This Row],[VEHICULOS_ACCIDENTADOS]:[VEHICULOS_ACCIDENTADOS2]],"CAMPERO") -> 0 | V28: =COUNTIF(Tabla1[[#This Row],[VEHICULOS_ACCIDENTADOS]:[VEHICULOS_ACCIDENTADOS2]],"CAMIONETA") -> 0 | W28: =COUNTIF(Tabla1[[#This Row],[VEHICULOS_ACCIDENTADOS]:[VEHICULOS_ACCIDENTADOS2]],"MICROBUS") -> 0 | X28: =COUNTIF(Tabla1[[#This Row],[VEHICULOS_ACCIDENTADOS]:[VEHICULOS_ACCIDENTADOS2]],"BUS") -> 0 | Y28: =COUNTIF(Tabla1[[#This Row],[VEHICULOS_ACCIDENTADOS]:[VEHICULOS_ACCIDENTADOS2]],"BUSETA") -> 0 | Z28: =COUNTIF(Tabla1[[#This Row],[VEHICULOS_ACCIDENTADOS]:[VEHICULOS_ACCIDENTADOS2]],"CAMION") -> 0 | AA28: =COUNTIF(Tabla1[[#This Row],[VEHICULOS_ACCIDENTADOS]:[VEHICULOS_ACCIDENTADOS2]],"TRACTOCAMION") -> 0 | AB28: =COUNTIF(Tabla1[[#This Row],[VEHICULOS_ACCIDENTADOS]:[VEHICULOS_ACCIDENTADOS2]],"VOLQUETA") -> 0 | AC28: =COUNTIF(Tabla1[[#This Row],[VEHICULOS_ACCIDENTADOS]:[VEHICULOS_ACCIDENTADOS2]],"BICICLETA") -> 0 | AE28: FEMENINO | AF28: =COUNTIF(Tabla1[[#This Row],[GENERO_MASCULINO]:[GENERO_FEMENINO]],"MASCULINO") -> 0 | AG28: =COUNTIF(Tabla1[[#This Row],[GENERO_MASCULINO]:[GENERO_FEMENINO]],"FEMENINO") -> 1 | AH28: 26 | AN28: 123 | AO28: =IFERROR(((VLOOKUP(Tabla1[[#This Row],[HIPOTESIS_1]],listas!$D$1:$E$105,2,FALSE))),"SIN INFORMACIÓN") -> No respetar prelación de intersecciones o giros. | AP28: 304 | AQ28: =IFERROR(((VLOOKUP(Tabla1[[#This Row],[HIPOTESIS_2]],listas!$D$1:$E$105,2,FALSE))),"") -> Superficie húmeda. | AR28: =IF(HOUR(Tabla1[[#This Row],[HORA_ACCIDENTE]])<6,"MAÑANA", IF(HOUR(Tabla1[[#This Row],[HORA_ACCIDENTE]])<12,"MAÑANA", IF(HOUR(Tabla1[[#This Row],[HORA_ACCIDENTE]])<18,"TARDE","NOCHE"))) -> TARDE
A29: 278 | B29: 0 | C29: 1 | D29: 0 | E29: =IF(D29>=1,"FALLECIDO",IF(C29>=1,"LESIONADO",IF(B29>=1,"SOLO DAÑO",""))) -> LESIONADO | F29: CARRERA 20 # 30 | G29: 5.3308972 | H29: -72.391325 | I29: MOVILIDAD | J29: URBANO | K29: =UPPER(TEXT(M29,"YYYY")) -> 2022 | L29: =UPPER(TEXT(M29,"MMMM")) -> AGOSTO | M29: 44786 | N29: =UPPER(TEXT(M29,"DDDD")) -> SÁBADO | O29: 0.18055556 | P29: MOTOCICLETA | Q29: CAMPERO | R29: =COUNTIF(Tabla1[[#This Row],[VEHICULOS_ACCIDENTADOS]:[VEHICULOS_ACCIDENTADOS2]],"MOTOCICLETA") -> 1 | S29: =COUNTIF(Tabla1[[#This Row],[VEHICULOS_ACCIDENTADOS]:[VEHICULOS_ACCIDENTADOS2]],"MOTOCARRO") -> 0 | T29: =COUNTIF(Tabla1[[#This Row],[VEHICULOS_ACCIDENTADOS]:[VEHICULOS_ACCIDENTADOS2]],"AUTOMOVIL") -> 0 | U29: =COUNTIF(Tabla1[[#This Row],[VEHICULOS_ACCIDENTADOS]:[VEHICULOS_ACCIDENTADOS2]],"CAMPERO") -> 1 | V29: =COUNTIF(Tabla1[[#This Row],[VEHICULOS_ACCIDENTADOS]:[VEHICULOS_ACCIDENTADOS2]],"CAMIONETA") -> 0 | W29: =COUNTIF(Tabla1[[#This Row],[VEHICULOS_ACCIDENTADOS]:[VEHICULOS_ACCIDENTADOS2]],"MICROBUS") -> 0 | X29: =COUNTIF(Tabla1[[#This Row],[VEHICULOS_ACCIDENTADOS]:[VEHICULOS_ACCIDENTADOS2]],"BUS") -> 0 | Y29: =COUNTIF(Tabla1[[#This Row],[VEHICULOS_ACCIDENTADOS]:[VEHICULOS_ACCIDENTADOS2]],"BUSETA") -> 0 | Z29: =COUNTIF(Tabla1[[#This Row],[VEHICULOS_ACCIDENTADOS]:[VEHICULOS_ACCIDENTADOS2]],"CAMION") -> 0 | AA29: =COUNTIF(Tabla1[[#This Row],[VEHICULOS_ACCIDENTADOS]:[VEHICULOS_ACCIDENTADOS2]],"TRACTOCAMION") -> 0 | AB29: =COUNTIF(Tabla1[[#This Row],[VEHICULOS_ACCIDENTADOS]:[VEHICULOS_ACCIDENTADOS2]],"VOLQUETA") -> 0 | AC29: =COUNTIF(Tabla1[[#This Row],[VEHICULOS_ACCIDENTADOS]:[VEHICULOS_ACCIDENTADOS2]],"BICICLETA") -> 0 | AD29: MASCULINO | AF29: =COUNTIF(Tabla1[[#This Row],[GENERO_MASCULINO]:[GENERO_FEMENINO]],"MASCULINO") -> 1 | AG29: =COUNTIF(Tabla1[[#This Row],[GENERO_MASCULINO]:[GENERO_FEMENINO]],"FEMENINO") -> 0 | AH29: 35 | AN29: 139 | AO29: =IFERROR(((VLOOKUP(Tabla1[[#This Row],[HIPOTESIS_1]],listas!$D$1:$E$105,2,FALSE))),"SIN INFORMACIÓN") -> Impericia en el manejo. | AP29: 142 | AQ29: =IFERROR(((VLOOKUP(Tabla1[[#This Row],[HIPOTESIS_2]],listas!$D$1:$E$105,2,FALSE))),"") -> Semáforo en rojo. | AR29: =IF(HOUR(Tabla1[[#This Row],[HORA_ACCIDENTE]])<6,"MAÑANA", IF(HOUR(Tabla1[[#This Row],[HORA_ACCIDENTE]])<12,"MAÑANA", IF(HOUR(Tabla1[[#This Row],[HORA_ACCIDENTE]])<18,"TARDE","NOCHE"))) -> MAÑANA
A30: 273 | B30: 0 | C30: 2 | D30: 0 | E30: =IF(D30>=1,"FALLECIDO",IF(C30>=1,"LESIONADO",IF(B30>=1,"SOLO DAÑO",""))) -> LESIONADO | F30: CARRERA 20 # 30 | G30: 5.3308972 | H30: -72.391325 | I30: MOVILIDAD | J30: URBANO | K30: =UPPER(TEXT(M30,"YYYY")) -> 2022 | L30: =UPPER(TEXT(M30,"MMMM")) -> AGOSTO | M30: 44780 | N30: =UPPER(TEXT(M30,"DDDD")) -> DOMINGO | O30: 0.6875 | P30: MOTOCICLETA | Q30: MOTOCICLETA | R30: =COUNTIF(Tabla1[[#This Row],[VEHICULOS_ACCIDENTADOS]:[VEHICULOS_ACCIDENTADOS2]],"MOTOCICLETA") -> 2 | S30: =COUNTIF(Tabla1[[#This Row],[VEHICULOS_ACCIDENTADOS]:[VEHICULOS_ACCIDENTADOS2]],"MOTOCARRO") -> 0 | T30: =COUNTIF(Tabla1[[#This Row],[VEHICULOS_ACCIDENTADOS]:[VEHICULOS_ACCIDENTADOS2]],"AUTOMOVIL") -> 0 | U30: =COUNTIF(Tabla1[[#This Row],[VEHICULOS_ACCIDENTADOS]:[VEHICULOS_ACCIDENTADOS2]],"CAMPERO") -> 0 | V30: =COUNTIF(Tabla1[[#This Row],[VEHICULOS_ACCIDENTADOS]:[VEHICULOS_ACCIDENTADOS2]],"CAMIONETA") -> 0 | W30: =COUNTIF(Tabla1[[#This Row],[VEHICULOS_ACCIDENTADOS]:[VEHICULOS_ACCIDENTADOS2]],"MICROBUS") -> 0 | X30: =COUNTIF(Tabla1[[#This Row],[VEHICULOS_ACCIDENTADOS]:[VEHICULOS_ACCIDENTADOS2]],"BUS") -> 0 | Y30: =COUNTIF(Tabla1[[#This Row],[VEHICULOS_ACCIDENTADOS]:[VEHICULOS_ACCIDENTADOS2]],"BUSETA") -> 0 | Z30: =COUNTIF(Tabla1[[#This Row],[VEHICULOS_ACCIDENTADOS]:[VEHICULOS_ACCIDENTADOS2]],"CAMION") -> 0 | AA30: =COUNTIF(Tabla1[[#This Row],[VEHICULOS_ACCIDENTADOS]:[VEHICULOS_ACCIDENTADOS2]],"TRACTOCAMION") -> 0 | AB30: =COUNTIF(Tabla1[[#This Row],[VEHICULOS_ACCIDENTADOS]:[VEHICULOS_ACCIDENTADOS2]],"VOLQUETA") -> 0 | AC30: =COUNTIF(Tabla1[[#This Row],[VEHICULOS_ACCIDENTADOS]:[VEHICULOS_ACCIDENTADOS2]],"BICICLETA") -> 0 | AD30: MASCULINO | AE30: FEMENINO | AF30: =COUNTIF(Tabla1[[#This Row],[GENERO_MASCULINO]:[GENERO_FEMENINO]],"MASCULINO") -> 1 | AG30: =COUNTIF(Tabla1[[#This Row],[GENERO_MASCULINO]:[GENERO_FEMENINO]],"FEMENINO") -> 1 | AH30: 26 | AI30: 50 | AN30: 115 | AO30: =IFERROR(((VLOOKUP(Tabla1[[#This Row],[HIPOTESIS_1]],listas!$D$1:$E$105,2,FALSE))),"SIN INFORMACIÓN") -> Embriaguez o Sustancias alucinogenas | AP30: 142 | AQ30: =IFERROR(((VLOOKUP(Tabla1[[#This Row],[HIPOTESIS_2]],listas!$D$1:$E$105,2,FALSE))),"") -> Semáforo en rojo. | AR30: =IF(HOUR(Tabla1[[#This Row],[HORA_ACCIDENTE]])<6,"MAÑANA", IF(HOUR(Tabla1[[#This Row],[HORA_ACCIDENTE]])<12,"MAÑANA", IF(HOUR(Tabla1[[#This Row],[HORA_ACCIDENTE]])<18,"TARDE","NOCHE"))) -> TARDE
A31: 542 | B31: 0 | C31: 3 | D31: 0 | E31: =IF(D31>=1,"FALLECIDO",IF(C31>=1,"LESIONADO",IF(B31>=1,"SOLO DAÑO",""))) -> LESIONADO | F31: CARRERA 21 CALLE 13 | G31: 5.3448575 | H31: -72.39782 | I31: MOVILIDAD | J31: URBANO | K31: =UPPER(TEXT(M31,"YYYY")) -> 2023 | L31: =UPPER(TEXT(M31,"MMMM")) -> AGOSTO | M31: 45165 | N31: =UPPER(TEXT(M31,"DDDD")) -> DOMINGO | O31: 0.25 | P31: MOTOCICLETA | Q31: MOTOCICLETA | R31: =COUNTIF(Tabla1[[#This Row],[VEHICULOS_ACCIDENTADOS]:[VEHICULOS_ACCIDENTADOS2]],"MOTOCICLETA") -> 2 | S31: =COUNTIF(Tabla1[[#This Row],[VEHICULOS_ACCIDENTADOS]:[VEHICULOS_ACCIDENTADOS2]],"MOTOCARRO") -> 0 | T31: =COUNTIF(Tabla1[[#This Row],[VEHICULOS_ACCIDENTADOS]:[VEHICULOS_ACCIDENTADOS2]],"AUTOMOVIL") -> 0 | U31: =COUNTIF(Tabla1[[#This Row],[VEHICULOS_ACCIDENTADOS]:[VEHICULOS_ACCIDENTADOS2]],"CAMPERO") -> 0 | V31: =COUNTIF(Tabla1[[#This Row],[VEHICULOS_ACCIDENTADOS]:[VEHICULOS_ACCIDENTADOS2]],"CAMIONETA") -> 0 | W31: =COUNTIF(Tabla1[[#This Row],[VEHICULOS_ACCIDENTADOS]:[VEHICULOS_ACCIDENTADOS2]],"MICROBUS") -> 0 | X31: =COUNTIF(Tabla1[[#This Row],[VEHICULOS_ACCIDENTADOS]:[VEHICULOS_ACCIDENTADOS2]],"BUS") -> 0 | Y31: =COUNTIF(Tabla1[[#This Row],[VEHICULOS_ACCIDENTADOS]:[VEHICULOS_ACCIDENTADOS2]],"BUSETA") -> 0 | Z31: =COUNTIF(Tabla1[[#This Row],[VEHICULOS_ACCIDENTADOS]:[VEHICULOS_ACCIDENTADOS2]],"CAMION") -> 0 | AA31: =COUNTIF(Tabla1[[#This Row],[VEHICULOS_ACCIDENTADOS]:[VEHICULOS_ACCIDENTADOS2]],"TRACTOCAMION") -> 0 | AB31: =COUNTIF(Tabla1[[#This Row],[VEHICULOS_ACCIDENTADOS]:[VEHICULOS_ACCIDENTADOS2]],"VOLQUETA") -> 0 | AC31: =COUNTIF(Tabla1[[#This Row],[VEHICULOS_ACCIDENTADOS]:[VEHICULOS_ACCIDENTADOS2]],"BICICLETA") -> 0 | AD31: MASCULINO | AF31: =COUNTIF(Tabla1[[#This Row],[GENERO_MASCULINO]:[GENERO_FEMENINO]],"MASCULINO") -> 1 | AG31: =COUNTIF(Tabla1[[#This Row],[GENERO_MASCULINO]:[GENERO_FEMENINO]],"FEMENINO") -> 0 | AH31: 22 | AI31: 21 | AL31: 18 | AN31: 115 | AO31: =IFERROR(((VLOOKUP(Tabla1[[#This Row],[HIPOTESIS_1]],listas!$D$1:$E$105,2,FALSE))),"SIN INFORMACIÓN") -> Embriaguez o Sustancias alucinogenas | AP31: 142 | AQ31: =IFERROR(((VLOOKUP(Tabla1[[#This Row],[HIPOTESIS_2]],listas!$D$1:$E$105,2,FALSE))),"") -> Semáforo en rojo. | AR31: =IF(HOUR(Tabla1[[#This Row],[HORA_ACCIDENTE]])<6,"MAÑANA", IF(HOUR(Tabla1[[#This Row],[HORA_ACCIDENTE]])<12,"MAÑANA", IF(HOUR(Tabla1[[#This Row],[HORA_ACCIDENTE]])<18,"TARDE","NOCHE"))) -> MAÑANA
A32: 211 | B32: 0 | C32: 2 | D32: 0 | E32: =IF(D32>=1,"FALLECIDO",IF(C32>=1,"LESIONADO",IF(B32>=1,"SOLO DAÑO",""))) -> LESIONADO | F32: CARRERA 23 # 30 | G32: 5.3325028 | H32: -72.388478 | I32: MOVILIDAD | J32: URBANO | K32: =UPPER(TEXT(M32,"YYYY")) -> 2022 | L32: =UPPER(TEXT(M32,"MMMM")) -> JUNIO | M32: 44721 | N32: =UPPER(TEXT(M32,"DDDD")) -> JUEVES | O32: 0.93402778 | P32: MOTOCICLETA | Q32: CAMIONETA | R32: =COUNTIF(Tabla1[[#This Row],[VEHICULOS_ACCIDENTADOS]:[VEHICULOS_ACCIDENTADOS2]],"MOTOCICLETA") -> 1 | S32: =COUNTIF(Tabla1[[#This Row],[VEHICULOS_ACCIDENTADOS]:[VEHICULOS_ACCIDENTADOS2]],"MOTOCARRO") -> 0 | T32: =COUNTIF(Tabla1[[#This Row],[VEHICULOS_ACCIDENTADOS]:[VEHICULOS_ACCIDENTADOS2]],"AUTOMOVIL") -> 0 | U32: =COUNTIF(Tabla1[[#This Row],[VEHICULOS_ACCIDENTADOS]:[VEHICULOS_ACCIDENTADOS2]],"CAMPERO") -> 0 | V32: =COUNTIF(Tabla1[[#This Row],[VEHICULOS_ACCIDENTADOS]:[VEHICULOS_ACCIDENTADOS2]],"CAMIONETA") -> 1 | W32: =COUNTIF(Tabla1[[#This Row],[VEHICULOS_ACCIDENTADOS]:[VEHICULOS_ACCIDENTADOS2]],"MICROBUS") -> 0 | X32: =COUNTIF(Tabla1[[#This Row],[VEHICULOS_ACCIDENTADOS]:[VEHICULOS_ACCIDENTADOS2]],"BUS") -> 0 | Y32: =COUNTIF(Tabla1[[#This Row],[VEHICULOS_ACCIDENTADOS]:[VEHICULOS_ACCIDENTADOS2]],"BUSETA") -> 0 | Z32: =COUNTIF(Tabla1[[#This Row],[VEHICULOS_ACCIDENTADOS]:[VEHICULOS_ACCIDENTADOS2]],"CAMION") -> 0 | AA32: =COUNTIF(Tabla1[[#This Row],[VEHICULOS_ACCIDENTADOS]:[VEHICULOS_ACCIDENTADOS2]],"TRACTOCAMION") -> 0 | AB32: =COUNTIF(Tabla1[[#This Row],[VEHICULOS_ACCIDENTADOS]:[VEHICULOS_ACCIDENTADOS2]],"VOLQUETA") -> 0 | AC32: =COUNTIF(Tabla1[[#This Row],[VEHICULOS_ACCIDENTADOS]:[VEHICULOS_ACCIDENTADOS2]],"BICICLETA") -> 0 | AD32: MASCULINO | AE32: FEMENINO | AF32: =COUNTIF(Tabla1[[#This Row],[GENERO_MASCULINO]:[GENERO_FEMENINO]],"MASCULINO") -> 1 | AG32: =COUNTIF(Tabla1[[#This Row],[GENERO_MASCULINO]:[GENERO_FEMENINO]],"FEMENINO") -> 1 | AH32: 21 | AL32: 1 | AN32: 139 | AO32: =IFERROR(((VLOOKUP(Tabla1[[#This Row],[HIPOTESIS_1]],listas!$D$1:$E$105,2,FALSE))),"SIN INFORMACIÓN") -> Impericia en el manejo. | AP32: 142 | AQ32: =IFERROR(((VLOOKUP(Tabla1[[#This Row],[HIPOTESIS_2]],listas!$D$1:$E$105,2,FALSE))),"") -> Semáforo en rojo. | AR32: =IF(HOUR(Tabla1[[#This Row],[HORA_ACCIDENTE]])<6,"MAÑANA", IF(HOUR(Tabla1[[#This Row],[HORA_ACCIDENTE]])<12,"MAÑANA", IF(HOUR(Tabla1[[#This Row],[HORA_ACCIDENTE]])<18,"TARDE","NOCHE"))) -> NOCHE
A33: 756 | B33: 1 | C33: 0 | D33: 0 | E33: =IF(D33>=1,"FALLECIDO",IF(C33>=1,"LESIONADO",IF(B33>=1,"SOLO DAÑO",""))) -> SOLO DAÑO | F33: TRANSVERSAL 15 CALLE 35 | G33: 5.3245028 | H33: -72.393811 | I33: MOVILIDAD | J33: URBANO | K33: =UPPER(TEXT(M33,"YYYY")) -> 2024 | L33: =UPPER(TEXT(M33,"MMMM")) -> JULIO | M33: 45504 | N33: =UPPER(TEXT(M33,"DDDD")) -> MIÉRCOLES | O33: 0.86805556 | P33: MOTOCICLETA | Q33: MOTOCICLETA | R33: =COUNTIF(Tabla1[[#This Row],[VEHICULOS_ACCIDENTADOS]:[VEHICULOS_ACCIDENTADOS2]],"MOTOCICLETA") -> 2 | S33: =COUNTIF(Tabla1[[#This Row],[VEHICULOS_ACCIDENTADOS]:[VEHICULOS_ACCIDENTADOS2]],"MOTOCARRO") -> 0 | T33: =COUNTIF(Tabla1[[#This Row],[VEHICULOS_ACCIDENTADOS]:[VEHICULOS_ACCIDENTADOS2]],"AUTOMOVIL") -> 0 | U33: =COUNTIF(Tabla1[[#This Row],[VEHICULOS_ACCIDENTADOS]:[VEHICULOS_ACCIDENTADOS2]],"CAMPERO") -> 0 | V33: =COUNTIF(Tabla1[[#This Row],[VEHICULOS_ACCIDENTADOS]:[VEHICULOS_ACCIDENTADOS2]],"CAMIONETA") -> 0 | W33: =COUNTIF(Tabla1[[#This Row],[VEHICULOS_ACCIDENTADOS]:[VEHICULOS_ACCIDENTADOS2]],"MICROBUS") -> 0 | X33: =COUNTIF(Tabla1[[#This Row],[VEHICULOS_ACCIDENTADOS]:[VEHICULOS_ACCIDENTADOS2]],"BUS") -> 0 | Y33: =COUNTIF(Tabla1[[#This Row],[VEHICULOS_ACCIDENTADOS]:[VEHICULOS_ACCIDENTADOS2]],"BUSETA") -> 0 | Z33: =COUNTIF(Tabla1[[#This Row],[VEHICULOS_ACCIDENTADOS]:[VEHICULOS_ACCIDENTADOS2]],"CAMION") -> 0 | AA33: =COUNTIF(Tabla1[[#This Row],[VEHICULOS_ACCIDENTADOS]:[VEHICULOS_ACCIDENTADOS2]],"TRACTOCAMION") -> 0 | AB33: =COUNTIF(Tabla1[[#This Row],[VEHICULOS_ACCIDENTADOS]:[VEHICULOS_ACCIDENTADOS2]],"VOLQUETA") -> 0 | AC33: =COUNTIF(Tabla1[[#This Row],[VEHICULOS_ACCIDENTADOS]:[VEHICULOS_ACCIDENTADOS2]],"BICICLETA") -> 0 | AD33: MASCULINO | AF33: =COUNTIF(Tabla1[[#This Row],[GENERO_MASCULINO]:[GENERO_FEMENINO]],"MASCULINO") -> 1 | AG33: =COUNTIF(Tabla1[[#This Row],[GENERO_MASCULINO]:[GENERO_FEMENINO]],"FEMENINO") -> 0 | AH33: 25 | AN33: 139 | AO33: =IFERROR(((VLOOKUP(Tabla1[[#This Row],[HIPOTESIS_1]],listas!$D$1:$E$105,2,FALSE))),"SIN INFORMACIÓN") -> Impericia en el manejo. | AP33: 142 | AQ33: =IFERROR(((VLOOKUP(Tabla1[[#This Row],[HIPOTESIS_2]],listas!$D$1:$E$105,2,FALSE))),"") -> Semáforo en rojo. | AR33: =IF(HOUR(Tabla1[[#This Row],[HORA_ACCIDENTE]])<6,"MAÑANA", IF(HOUR(Tabla1[[#This Row],[HORA_ACCIDENTE]])<12,"MAÑANA", IF(HOUR(Tabla1[[#This Row],[HORA_ACCIDENTE]])<18,"TARDE","NOCHE"))) -> NOCHE
A34: 51 | B34: 0 | C34: 3 | D34: 0 | E34: =IF(D34>=1,"FALLECIDO",IF(C34>=1,"LESIONADO",IF(B34>=1,"SOLO DAÑO",""))) -> LESIONADO | F34: TRANSVERSAL 7 CALLE 34 | G34: 5.3228306 | H34: -72.401933 | I34: MOVILIDAD | J34: URBANO | K34: =UPPER(TEXT(M34,"YYYY")) -> 2022 | L34: =UPPER(TEXT(M34,"MMMM")) -> FEBRERO | M34: 44605 | N34: =UPPER(TEXT(M34,"DDDD")) -> DOMINGO | O34: 0.65972222 | P34: MOTOCICLETA | Q34: MOTOCICLETA | R34: =COUNTIF(Tabla1[[#This Row],[VEHICULOS_ACCIDENTADOS]:[VEHICULOS_ACCIDENTADOS2]],"MOTOCICLETA") -> 2 | S34: =COUNTIF(Tabla1[[#This Row],[VEHICULOS_ACCIDENTADOS]:[VEHICULOS_ACCIDENTADOS2]],"MOTOCARRO") -> 0 | T34: =COUNTIF(Tabla1[[#This Row],[VEHICULOS_ACCIDENTADOS]:[VEHICULOS_ACCIDENTADOS2]],"AUTOMOVIL") -> 0 | U34: =COUNTIF(Tabla1[[#This Row],[VEHICULOS_ACCIDENTADOS]:[VEHICULOS_ACCIDENTADOS2]],"CAMPERO") -> 0 | V34: =COUNTIF(Tabla1[[#This Row],[VEHICULOS_ACCIDENTADOS]:[VEHICULOS_ACCIDENTADOS2]],"CAMIONETA") -> 0 | W34: =COUNTIF(Tabla1[[#This Row],[VEHICULOS_ACCIDENTADOS]:[VEHICULOS_ACCIDENTADOS2]],"MICROBUS") -> 0 | X34: =COUNTIF(Tabla1[[#This Row],[VEHICULOS_ACCIDENTADOS]:[VEHICULOS_ACCIDENTADOS2]],"BUS") -> 0 | Y34: =COUNTIF(Tabla1[[#This Row],[VEHICULOS_ACCIDENTADOS]:[VEHICULOS_ACCIDENTADOS2]],"BUSETA") -> 0 | Z34: =COUNTIF(Tabla1[[#This Row],[VEHICULOS_ACCIDENTADOS]:[VEHICULOS_ACCIDENTADOS2]],"CAMION") -> 0 | AA34: =COUNTIF(Tabla1[[#This Row],[VEHICULOS_ACCIDENTADOS]:[VEHICULOS_ACCIDENTADOS2]],"TRACTOCAMION") -> 0 | AB34: =COUNTIF(Tabla1[[#This Row],[VEHICULOS_ACCIDENTADOS]:[VEHICULOS_ACCIDENTADOS2]],"VOLQUETA") -> 0 | AC34: =COUNTIF(Tabla1[[#This Row],[VEHICULOS_ACCIDENTADOS]:[VEHICULOS_ACCIDENTADOS2]],"BICICLETA") -> 0 | AD34: MASCULINO | AF34: =COUNTIF(Tabla1[[#This Row],[GENERO_MASCULINO]:[GENERO_FEMENINO]],"MASCULINO") -> 1 | AG34: =COUNTIF(Tabla1[[#This Row],[GENERO_MASCULINO]:[GENERO_FEMENINO]],"FEMENINO") -> 0 | AH34: 60 | AI34: 21 | AL34: 5 | AN34: 112 | AO34: =IFERROR(((VLOOKUP(Tabla1[[#This Row],[HIPOTESIS_1]],listas!$D$1:$E$105,2,FALSE))),"SIN INFORMACIÓN") -> Desobedecer señales o normas de tránsito. | AP34: 131 | AQ34: =IFERROR(((VLOOKUP(Tabla1[[#This Row],[HIPOTESIS_2]],listas!$D$1:$E$105,2,FALSE))),"") -> Salirse de la calzada. | AR34: =IF(HOUR(Tabla1[[#This Row],[HORA_ACCIDENTE]])<6,"MAÑANA", IF(HOUR(Tabla1[[#This Row],[HORA_ACCIDENTE]])<12,"MAÑANA", IF(HOUR(Tabla1[[#This Row],[HORA_ACCIDENTE]])<18,"TARDE","NOCHE"))) -> TARDE
A35: 908 | B35: 0 | C35: 1 | D35: 1 | E35: =IF(D35>=1,"FALLECIDO",IF(C35>=1,"LESIONADO",IF(B35>=1,"SOLO DAÑO",""))) -> FALLECIDO | F35: Km 102+50 VIA MONTERREY-YOPAL | G35: 5.321617 | H35: -72.415499 | I35: DITRA | J35: RURAL | K35: =UPPER(TEXT(M35,"YYYY")) -> 2025 | L35: =UPPER(TEXT(M35,"MMMM")) -> MARZO | M35: 45734 | N35: =UPPER(TEXT(M35,"DDDD")) -> MARTES | O35: 0.52291667 | P35: MOTOCICLETA | R35: =COUNTIF(Tabla1[[#This Row],[VEHICULOS_ACCIDENTADOS]:[VEHICULOS_ACCIDENTADOS2]],"MOTOCICLETA") -> 1 | S35: =COUNTIF(Tabla1[[#This Row],[VEHICULOS_ACCIDENTADOS]:[VEHICULOS_ACCIDENTADOS2]],"MOTOCARRO") -> 0 | T35: =COUNTIF(Tabla1[[#This Row],[VEHICULOS_ACCIDENTADOS]:[VEHICULOS_ACCIDENTADOS2]],"AUTOMOVIL") -> 0 | U35: =COUNTIF(Tabla1[[#This Row],[VEHICULOS_ACCIDENTADOS]:[VEHICULOS_ACCIDENTADOS2]],"CAMPERO") -> 0 | V35: =COUNTIF(Tabla1[[#This Row],[VEHICULOS_ACCIDENTADOS]:[VEHICULOS_ACCIDENTADOS2]],"CAMIONETA") -> 0 | W35: =COUNTIF(Tabla1[[#This Row],[VEHICULOS_ACCIDENTADOS]:[VEHICULOS_ACCIDENTADOS2]],"MICROBUS") -> 0 | X35: =COUNTIF(Tabla1[[#This Row],[VEHICULOS_ACCIDENTADOS]:[VEHICULOS_ACCIDENTADOS2]],"BUS") -> 0 | Y35: =COUNTIF(Tabla1[[#This Row],[VEHICULOS_ACCIDENTADOS]:[VEHICULOS_ACCIDENTADOS2]],"BUSETA") -> 0 | Z35: =COUNTIF(Tabla1[[#This Row],[VEHICULOS_ACCIDENTADOS]:[VEHICULOS_ACCIDENTADOS2]],"CAMION") -> 0 | AA35: =COUNTIF(Tabla1[[#This Row],[VEHICULOS_ACCIDENTADOS]:[VEHICULOS_ACCIDENTADOS2]],"TRACTOCAMION") -> 0 | AB35: =COUNTIF(Tabla1[[#This Row],[VEHICULOS_ACCIDENTADOS]:[VEHICULOS_ACCIDENTADOS2]],"VOLQUETA") -> 0 | AC35: =COUNTIF(Tabla1[[#This Row],[VEHICULOS_ACCIDENTADOS]:[VEHICULOS_ACCIDENTADOS2]],"BICICLETA") -> 0 | AD35: MASCULINO | AE35: FEMENINO | AF35: =COUNTIF(Tabla1[[#This Row],[GENERO_MASCULINO]:[GENERO_FEMENINO]],"MASCULINO") -> 1 | AG35: =COUNTIF(Tabla1[[#This Row],[GENERO_MASCULINO]:[GENERO_FEMENINO]],"FEMENINO") -> 1 | AH35: 25 | AI35: 45 | AN35: 139 | AO35: =IFERROR(((VLOOKUP(Tabla1[[#This Row],[HIPOTESIS_1]],listas!$D$1:$E$105,2,FALSE))),"SIN INFORMACIÓN") -> Impericia en el manejo. | AP35: 134 | AQ35: =IFERROR(((VLOOKUP(Tabla1[[#This Row],[HIPOTESIS_2]],listas!$D$1:$E$105,2,FALSE))),"") -> Reverso imprudente. | AR35: =IF(HOUR(Tabla1[[#This Row],[HORA_ACCIDENTE]])<6,"MAÑANA", IF(HOUR(Tabla1[[#This Row],[HORA_ACCIDENTE]])<12,"MAÑANA", IF(HOUR(Tabla1[[#This Row],[HORA_ACCIDENTE]])<18,"TARDE","NOCHE"))) -> TARDE
A36: 1037 | B36: 0 | C36: 2 | D36: 0 | E36: =IF(D36>=1,"FALLECIDO",IF(C36>=1,"LESIONADO",IF(B36>=1,"SOLO DAÑO",""))) -> LESIONADO | F36: CALLE 21 CARRERA 18 ESQUINA | G36: 5.337199 | H36: -72.396886 | I36: MOVILIDAD | J36: URBANO | K36: =UPPER(TEXT(M36,"YYYY")) -> 2025 | L36: =UPPER(TEXT(M36,"MMMM")) -> AGOSTO | M36: 45874 | N36: =UPPER(TEXT(M36,"DDDD")) -> MARTES | O36: 0.82638889 | P36: CAMPERO | Q36: MOTOCICLETA | R36: =COUNTIF(Tabla1[[#This Row],[VEHICULOS_ACCIDENTADOS]:[VEHICULOS_ACCIDENTADOS2]],"MOTOCICLETA") -> 1 | S36: =COUNTIF(Tabla1[[#This Row],[VEHICULOS_ACCIDENTADOS]:[VEHICULOS_ACCIDENTADOS2]],"MOTOCARRO") -> 0 | T36: =COUNTIF(Tabla1[[#This Row],[VEHICULOS_ACCIDENTADOS]:[VEHICULOS_ACCIDENTADOS2]],"AUTOMOVIL") -> 0 | U36: =COUNTIF(Tabla1[[#This Row],[VEHICULOS_ACCIDENTADOS]:[VEHICULOS_ACCIDENTADOS2]],"CAMPERO") -> 1 | V36: =COUNTIF(Tabla1[[#This Row],[VEHICULOS_ACCIDENTADOS]:[VEHICULOS_ACCIDENTADOS2]],"CAMIONETA") -> 0 | W36: =COUNTIF(Tabla1[[#This Row],[VEHICULOS_ACCIDENTADOS]:[VEHICULOS_ACCIDENTADOS2]],"MICROBUS") -> 0 | X36: =COUNTIF(Tabla1[[#This Row],[VEHICULOS_ACCIDENTADOS]:[VEHICULOS_ACCIDENTADOS2]],"BUS") -> 0 | Y36: =COUNTIF(Tabla1[[#This Row],[VEHICULOS_ACCIDENTADOS]:[VEHICULOS_ACCIDENTADOS2]],"BUSETA") -> 0 | Z36: =COUNTIF(Tabla1[[#This Row],[VEHICULOS_ACCIDENTADOS]:[VEHICULOS_ACCIDENTADOS2]],"CAMION") -> 0 | AA36: =COUNTIF(Tabla1[[#This Row],[VEHICULOS_ACCIDENTADOS]:[VEHICULOS_ACCIDENTADOS2]],"TRACTOCAMION") -> 0 | AB36: =COUNTIF(Tabla1[[#This Row],[VEHICULOS_ACCIDENTADOS]:[VEHICULOS_ACCIDENTADOS2]],"VOLQUETA") -> 0 | AC36: =COUNTIF(Tabla1[[#This Row],[VEHICULOS_ACCIDENTADOS]:[VEHICULOS_ACCIDENTADOS2]],"BICICLETA") -> 0 | AD36: MASCULINO | AE36: MASCULINO | AF36: =COUNTIF(Tabla1[[#This Row],[GENERO_MASCULINO]:[GENERO_FEMENINO]],"MASCULINO") -> 2 | AG36: =COUNTIF(Tabla1[[#This Row],[GENERO_MASCULINO]:[GENERO_FEMENINO]],"FEMENINO") -> 0 | AH36: 35 | AI36: 25 | AJ36: 21 | AN36: 112 | AO36: =IFERROR(((VLOOKUP(Tabla1[[#This Row],[HIPOTESIS_1]],listas!$D$1:$E$105,2,FALSE))),"SIN INFORMACIÓN") -> Desobedecer señales o normas de tránsito. | AP36: 146 | AQ36: =IFERROR(((VLOOKUP(Tabla1[[#This Row],[HIPOTESIS_2]],listas!$D$1:$E$105,2,FALSE))),"") -> Realizar giro en “U”. | AR36: =IF(HOUR(Tabla1[[#This Row],[HORA_ACCIDENTE]])<6,"MAÑANA", IF(HOUR(Tabla1[[#This Row],[HORA_ACCIDENTE]])<12,"MAÑANA", IF(HOUR(Tabla1[[#This Row],[HORA_ACCIDENTE]])<18,"TARDE","NOCHE"))) -> NOCHE
A37: 1049 | B37: 0 | C37: 1 | D37: 0 | E37: =IF(D37>=1,"FALLECIDO",IF(C37>=1,"LESIONADO",IF(B37>=1,"SOLO DAÑO",""))) -> LESIONADO | F37: CARRERA 29 # CALLE 26 | G37: 5.3386907 | H37: -72.384721 | I37: MOVILIDAD | J37: URBANO | K37: =UPPER(TEXT(M37,"YYYY")) -> 2025 | L37: =UPPER(TEXT(M37,"MMMM")) -> AGOSTO | M37: 45878 | N37: =UPPER(TEXT(M37,"DDDD")) -> SÁBADO | O37: 0.8125 | P37: MOTOCICLETA | Q37: AUTOMOVIL | R37: =COUNTIF(Tabla1[[#This Row],[VEHICULOS_ACCIDENTADOS]:[VEHICULOS_ACCIDENTADOS2]],"MOTOCICLETA") -> 1 | S37: =COUNTIF(Tabla1[[#This Row],[VEHICULOS_ACCIDENTADOS]:[VEHICULOS_ACCIDENTADOS2]],"MOTOCARRO") -> 0 | T37: =COUNTIF(Tabla1[[#This Row],[VEHICULOS_ACCIDENTADOS]:[VEHICULOS_ACCIDENTADOS2]],"AUTOMOVIL") -> 1 | U37: =COUNTIF(Tabla1[[#This Row],[VEHICULOS_ACCIDENTADOS]:[VEHICULOS_ACCIDENTADOS2]],"CAMPERO") -> 0 | V37: =COUNTIF(Tabla1[[#This Row],[VEHICULOS_ACCIDENTADOS]:[VEHICULOS_ACCIDENTADOS2]],"CAMIONETA") -> 0 | W37: =COUNTIF(Tabla1[[#This Row],[VEHICULOS_ACCIDENTADOS]:[VEHICULOS_ACCIDENTADOS2]],"MICROBUS") -> 0 | X37: =COUNTIF(Tabla1[[#This Row],[VEHICULOS_ACCIDENTADOS]:[VEHICULOS_ACCIDENTADOS2]],"BUS") -> 0 | Y37: =COUNTIF(Tabla1[[#This Row],[VEHICULOS_ACCIDENTADOS]:[VEHICULOS_ACCIDENTADOS2]],"BUSETA") -> 0 | Z37: =COUNTIF(Tabla1[[#This Row],[VEHICULOS_ACCIDENTADOS]:[VEHICULOS_ACCIDENTADOS2]],"CAMION") -> 0 | AA37: =COUNTIF(Tabla1[[#This Row],[VEHICULOS_ACCIDENTADOS]:[VEHICULOS_ACCIDENTADOS2]],"TRACTOCAMION") -> 0 | AB37: =COUNTIF(Tabla1[[#This Row],[VEHICULOS_ACCIDENTADOS]:[VEHICULOS_ACCIDENTADOS2]],"VOLQUETA") -> 0 | AC37: =COUNTIF(Tabla1[[#This Row],[VEHICULOS_ACCIDENTADOS]:[VEHICULOS_ACCIDENTADOS2]],"BICICLETA") -> 0 | AD37: MASCULINO | AE37: MASCULINO | AF37: =COUNTIF(Tabla1[[#This Row],[GENERO_MASCULINO]:[GENERO_FEMENINO]],"MASCULINO") -> 2 | AG37: =COUNTIF(Tabla1[[#This Row],[GENERO_MASCULINO]:[GENERO_FEMENINO]],"FEMENINO") -> 0 | AH37: 21 | AI37: 56 | AN37: 112 | AO37: =IFERROR(((VLOOKUP(Tabla1[[#This Row],[HIPOTESIS_1]],listas!$D$1:$E$105,2,FALSE))),"SIN INFORMACIÓN") -> Desobedecer señales o normas de tránsito. | AP37: 146 | AQ37: =IFERROR(((VLOOKUP(Tabla1[[#This Row],[HIPOTESIS_2]],listas!$D$1:$E$105,2,FALSE))),"") -> Realizar giro en “U”. | AR37: =IF(HOUR(Tabla1[[#This Row],[HORA_ACCIDENTE]])<6,"MAÑANA", IF(HOUR(Tabla1[[#This Row],[HORA_ACCIDENTE]])<12,"MAÑANA", IF(HOUR(Tabla1[[#This Row],[HORA_ACCIDENTE]])<18,"TARDE","NOCHE"))) -> NOCHE
A38: 799 | B38: 0 | C38: 1 | D38: 0 | E38: =IF(D38>=1,"FALLECIDO",IF(C38>=1,"LESIONADO",IF(B38>=1,"SOLO DAÑO",""))) -> LESIONADO | F38: CALLE 40 # 14A-04 | G38: 5.3189447 | H38: -72.395435 | I38: MOVILIDAD | J38: URBANO | K38: =UPPER(TEXT(M38,"YYYY")) -> 2024 | L38: =UPPER(TEXT(M38,"MMMM")) -> OCTUBRE | M38: 45590 | N38: =UPPER(TEXT(M38,"DDDD")) -> VIERNES | O38: 0.77083333 | P38: MOTOCICLETA | R38: =COUNTIF(Tabla1[[#This Row],[VEHICULOS_ACCIDENTADOS]:[VEHICULOS_ACCIDENTADOS2]],"MOTOCICLETA") -> 1 | S38: =COUNTIF(Tabla1[[#This Row],[VEHICULOS_ACCIDENTADOS]:[VEHICULOS_ACCIDENTADOS2]],"MOTOCARRO") -> 0 | T38: =COUNTIF(Tabla1[[#This Row],[VEHICULOS_ACCIDENTADOS]:[VEHICULOS_ACCIDENTADOS2]],"AUTOMOVIL") -> 0 | U38: =COUNTIF(Tabla1[[#This Row],[VEHICULOS_ACCIDENTADOS]:[VEHICULOS_ACCIDENTADOS2]],"CAMPERO") -> 0 | V38: =COUNTIF(Tabla1[[#This Row],[VEHICULOS_ACCIDENTADOS]:[VEHICULOS_ACCIDENTADOS2]],"CAMIONETA") -> 0 | W38: =COUNTIF(Tabla1[[#This Row],[VEHICULOS_ACCIDENTADOS]:[VEHICULOS_ACCIDENTADOS2]],"MICROBUS") -> 0 | X38: =COUNTIF(Tabla1[[#This Row],[VEHICULOS_ACCIDENTADOS]:[VEHICULOS_ACCIDENTADOS2]],"BUS") -> 0 | Y38: =COUNTIF(Tabla1[[#This Row],[VEHICULOS_ACCIDENTADOS]:[VEHICULOS_ACCIDENTADOS2]],"BUSETA") -> 0 | Z38: =COUNTIF(Tabla1[[#This Row],[VEHICULOS_ACCIDENTADOS]:[VEHICULOS_ACCIDENTADOS2]],"CAMION") -> 0 | AA38: =COUNTIF(Tabla1[[#This Row],[VEHICULOS_ACCIDENTADOS]:[VEHICULOS_ACCIDENTADOS2]],"TRACTOCAMION") -> 0 | AB38: =COUNTIF(Tabla1[[#This Row],[VEHICULOS_ACCIDENTADOS]:[VEHICULOS_ACCIDENTADOS2]],"VOLQUETA") -> 0 | AC38: =COUNTIF(Tabla1[[#This Row],[VEHICULOS_ACCIDENTADOS]:[VEHICULOS_ACCIDENTADOS2]],"BICICLETA") -> 0 | AD38: MASCULINO | AF38: =COUNTIF(Tabla1[[#This Row],[GENERO_MASCULINO]:[GENERO_FEMENINO]],"MASCULINO") -> 1 | AG38: =COUNTIF(Tabla1[[#This Row],[GENERO_MASCULINO]:[GENERO_FEMENINO]],"FEMENINO") -> 0 | AH38: 27 | AN38: 139 | AO38: =IFERROR(((VLOOKUP(Tabla1[[#This Row],[HIPOTESIS_1]],listas!$D$1:$E$105,2,FALSE))),"SIN INFORMACIÓN") -> Impericia en el manejo. | AP38: 143 | AQ38: =IFERROR(((VLOOKUP(Tabla1[[#This Row],[HIPOTESIS_2]],listas!$D$1:$E$105,2,FALSE))),"") -> Poner en marcha un vehículo sin precauciones. | AR38: =IF(HOUR(Tabla1[[#This Row],[HORA_ACCIDENTE]])<6,"MAÑANA", IF(HOUR(Tabla1[[#This Row],[HORA_ACCIDENTE]])<12,"MAÑANA", IF(HOUR(Tabla1[[#This Row],[HORA_ACCIDENTE]])<18,"TARDE","NOCHE"))) -> NOCHE
A39: 430 | B39: 1 | C39: 0 | D39: 0 | E39: =IF(D39>=1,"FALLECIDO",IF(C39>=1,"LESIONADO",IF(B39>=1,"SOLO DAÑO",""))) -> SOLO DAÑO | F39: DIAGONAL 47 # 40 | G39: 5.3192944 | H39: -72.389711 | I39: MOVILIDAD | J39: URBANO | K39: =UPPER(TEXT(M39,"YYYY")) -> 2023 | L39: =UPPER(TEXT(M39,"MMMM")) -> MARZO | M39: 45001 | N39: =UPPER(TEXT(M39,"DDDD")) -> JUEVES | O39: 0.79166667 | P39: AUTOMOVIL | Q39: CAMION | R39: =COUNTIF(Tabla1[[#This Row],[VEHICULOS_ACCIDENTADOS]:[VEHICULOS_ACCIDENTADOS2]],"MOTOCICLETA") -> 0 | S39: =COUNTIF(Tabla1[[#This Row],[VEHICULOS_ACCIDENTADOS]:[VEHICULOS_ACCIDENTADOS2]],"MOTOCARRO") -> 0 | T39: =COUNTIF(Tabla1[[#This Row],[VEHICULOS_ACCIDENTADOS]:[VEHICULOS_ACCIDENTADOS2]],"AUTOMOVIL") -> 1 | U39: =COUNTIF(Tabla1[[#This Row],[VEHICULOS_ACCIDENTADOS]:[VEHICULOS_ACCIDENTADOS2]],"CAMPERO") -> 0 | V39: =COUNTIF(Tabla1[[#This Row],[VEHICULOS_ACCIDENTADOS]:[VEHICULOS_ACCIDENTADOS2]],"CAMIONETA") -> 0 | W39: =COUNTIF(Tabla1[[#This Row],[VEHICULOS_ACCIDENTADOS]:[VEHICULOS_ACCIDENTADOS2]],"MICROBUS") -> 0 | X39: =COUNTIF(Tabla1[[#This Row],[VEHICULOS_ACCIDENTADOS]:[VEHICULOS_ACCIDENTADOS2]],"BUS") -> 0 | Y39: =COUNTIF(Tabla1[[#This Row],[VEHICULOS_ACCIDENTADOS]:[VEHICULOS_ACCIDENTADOS2]],"BUSETA") -> 0 | Z39: =COUNTIF(Tabla1[[#This Row],[VEHICULOS_ACCIDENTADOS]:[VEHICULOS_ACCIDENTADOS2]],"CAMION") -> 1 | AA39: =COUNTIF(Tabla1[[#This Row],[VEHICULOS_ACCIDENTADOS]:[VEHICULOS_ACCIDENTADOS2]],"TRACTOCAMION") -> 0 | AB39: =COUNTIF(Tabla1[[#This Row],[VEHICULOS_ACCIDENTADOS]:[VEHICULOS_ACCIDENTADOS2]],"VOLQUETA") -> 0 | AC39: =COUNTIF(Tabla1[[#This Row],[VEHICULOS_ACCIDENTADOS]:[VEHICULOS_ACCIDENTADOS2]],"BICICLETA") -> 0 | AE39: FEMENINO | AF39: =COUNTIF(Tabla1[[#This Row],[GENERO_MASCULINO]:[GENERO_FEMENINO]],"MASCULINO") -> 0 | AG39: =COUNTIF(Tabla1[[#This Row],[GENERO_MASCULINO]:[GENERO_FEMENINO]],"FEMENINO") -> 1 | AN39: 115 | AO39: =IFERROR(((VLOOKUP(Tabla1[[#This Row],[HIPOTESIS_1]],listas!$D$1:$E$105,2,FALSE))),"SIN INFORMACIÓN") -> Embriaguez o Sustancias alucinogenas | AP39: 143 | AQ39: =IFERROR(((VLOOKUP(Tabla1[[#This Row],[HIPOTESIS_2]],listas!$D$1:$E$105,2,FALSE))),"") -> Poner en marcha un vehículo sin precauciones. | AR39: =IF(HOUR(Tabla1[[#This Row],[HORA_ACCIDENTE]])<6,"MAÑANA", IF(HOUR(Tabla1[[#This Row],[HORA_ACCIDENTE]])<12,"MAÑANA", IF(HOUR(Tabla1[[#This Row],[HORA_ACCIDENTE]])<18,"TARDE","NOCHE"))) -> NOCHE
A40: 8 | B40: 1 | C40: 0 | D40: 0 | E40: =IF(D40>=1,"FALLECIDO",IF(C40>=1,"LESIONADO",IF(B40>=1,"SOLO DAÑO",""))) -> SOLO DAÑO | F40: CALLE 10 # 25-20 | G40: 5.3495306 | H40: -72.395211 | I40: MOVILIDAD | J40: URBANO | K40: =UPPER(TEXT(M40,"YYYY")) -> 2022 | L40: =UPPER(TEXT(M40,"MMMM")) -> ENERO | M40: 44574 | N40: =UPPER(TEXT(M40,"DDDD")) -> JUEVES | O40: 0.64583333 | P40: AUTOMOVIL | Q40: CAMION | R40: =COUNTIF(Tabla1[[#This Row],[VEHICULOS_ACCIDENTADOS]:[VEHICULOS_ACCIDENTADOS2]],"MOTOCICLETA") -> 0 | S40: =COUNTIF(Tabla1[[#This Row],[VEHICULOS_ACCIDENTADOS]:[VEHICULOS_ACCIDENTADOS2]],"MOTOCARRO") -> 0 | T40: =COUNTIF(Tabla1[[#This Row],[VEHICULOS_ACCIDENTADOS]:[VEHICULOS_ACCIDENTADOS2]],"AUTOMOVIL") -> 1 | U40: =COUNTIF(Tabla1[[#This Row],[VEHICULOS_ACCIDENTADOS]:[VEHICULOS_ACCIDENTADOS2]],"CAMPERO") -> 0 | V40: =COUNTIF(Tabla1[[#This Row],[VEHICULOS_ACCIDENTADOS]:[VEHICULOS_ACCIDENTADOS2]],"CAMIONETA") -> 0 | W40: =COUNTIF(Tabla1[[#This Row],[VEHICULOS_ACCIDENTADOS]:[VEHICULOS_ACCIDENTADOS2]],"MICROBUS") -> 0 | X40: =COUNTIF(Tabla1[[#This Row],[VEHICULOS_ACCIDENTADOS]:[VEHICULOS_ACCIDENTADOS2]],"BUS") -> 0 | Y40: =COUNTIF(Tabla1[[#This Row],[VEHICULOS_ACCIDENTADOS]:[VEHICULOS_ACCIDENTADOS2]],"BUSETA") -> 0 | Z40: =COUNTIF(Tabla1[[#This Row],[VEHICULOS_ACCIDENTADOS]:[VEHICULOS_ACCIDENTADOS2]],"CAMION") -> 1 | AA40: =COUNTIF(Tabla1[[#This Row],[VEHICULOS_ACCIDENTADOS]:[VEHICULOS_ACCIDENTADOS2]],"TRACTOCAMION") -> 0 | AB40: =COUNTIF(Tabla1[[#This Row],[VEHICULOS_ACCIDENTADOS]:[VEHICULOS_ACCIDENTADOS2]],"VOLQUETA") -> 0 | AC40: =COUNTIF(Tabla1[[#This Row],[VEHICULOS_ACCIDENTADOS]:[VEHICULOS_ACCIDENTADOS2]],"BICICLETA") -> 0 | AE40: FEMENINO | AF40: =COUNTIF(Tabla1[[#This Row],[GENERO_MASCULINO]:[GENERO_FEMENINO]],"MASCULINO") -> 0 | AG40: =COUNTIF(Tabla1[[#This Row],[GENERO_MASCULINO]:[GENERO_FEMENINO]],"FEMENINO") -> 1 | AN40: 145 | AO40: =IFERROR(((VLOOKUP(Tabla1[[#This Row],[HIPOTESIS_1]],listas!$D$1:$E$105,2,FALSE))),"SIN INFORMACIÓN") -> Arrancar sin precaución. | AP40: 157 | AQ40: =IFERROR(((VLOOKUP(Tabla1[[#This Row],[HIPOTESIS_2]],listas!$D$1:$E$105,2,FALSE))),"") -> Otra | AR40: =IF(HOUR(Tabla1[[#This Row],[HORA_ACCIDENTE]])<6,"MAÑANA", IF(HOUR(Tabla1[[#This Row],[HORA_ACCIDENTE]])<12,"MAÑANA", IF(HOUR(Tabla1[[#This Row],[HORA_ACCIDENTE]])<18,"TARDE","NOCHE"))) -> TARDE
A41: 704 | B41: 0 | C41: 0 | D41: 1 | E41: =IF(D41>=1,"FALLECIDO",IF(C41>=1,"LESIONADO",IF(B41>=1,"SOLO DAÑO",""))) -> FALLECIDO | F41: CALLE 14 # CARRERA 7A VIA MIRADOR DE LA VIRGEN | G41: 5.3430439 | H41: -72.408843 | I41: MOVILIDAD | J41: URBANO | K41: =UPPER(TEXT(M41,"YYYY")) -> 2024 | L41: =UPPER(TEXT(M41,"MMMM")) -> MAYO | M41: 45417 | N41: =UPPER(TEXT(M41,"DDDD")) -> DOMINGO | O41: 0.27777778 | P41: MOTOCICLETA | Q41: AUTOMOVIL | R41: =COUNTIF(Tabla1[[#This Row],[VEHICULOS_ACCIDENTADOS]:[VEHICULOS_ACCIDENTADOS2]],"MOTOCICLETA") -> 1 | S41: =COUNTIF(Tabla1[[#This Row],[VEHICULOS_ACCIDENTADOS]:[VEHICULOS_ACCIDENTADOS2]],"MOTOCARRO") -> 0 | T41: =COUNTIF(Tabla1[[#This Row],[VEHICULOS_ACCIDENTADOS]:[VEHICULOS_ACCIDENTADOS2]],"AUTOMOVIL") -> 1 | U41: =COUNTIF(Tabla1[[#This Row],[VEHICULOS_ACCIDENTADOS]:[VEHICULOS_ACCIDENTADOS2]],"CAMPERO") -> 0 | V41: =COUNTIF(Tabla1[[#This Row],[VEHICULOS_ACCIDENTADOS]:[VEHICULOS_ACCIDENTADOS2]],"CAMIONETA") -> 0 | W41: =COUNTIF(Tabla1[[#This Row],[VEHICULOS_ACCIDENTADOS]:[VEHICULOS_ACCIDENTADOS2]],"MICROBUS") -> 0 | X41: =COUNTIF(Tabla1[[#This Row],[VEHICULOS_ACCIDENTADOS]:[VEHICULOS_ACCIDENTADOS2]],"BUS") -> 0 | Y41: =COUNTIF(Tabla1[[#This Row],[VEHICULOS_ACCIDENTADOS]:[VEHICULOS_ACCIDENTADOS2]],"BUSETA") -> 0 | Z41: =COUNTIF(Tabla1[[#This Row],[VEHICULOS_ACCIDENTADOS]:[VEHICULOS_ACCIDENTADOS2]],"CAMION") -> 0 | AA41: =COUNTIF(Tabla1[[#This Row],[VEHICULOS_ACCIDENTADOS]:[VEHICULOS_ACCIDENTADOS2]],"TRACTOCAMION") -> 0 | AB41: =COUNTIF(Tabla1[[#This Row],[VEHICULOS_ACCIDENTADOS]:[VEHICULOS_ACCIDENTADOS2]],"VOLQUETA") -> 0 | AC41: =COUNTIF(Tabla1[[#This Row],[VEHICULOS_ACCIDENTADOS]:[VEHICULOS_ACCIDENTADOS2]],"BICICLETA") -> 0 | AD41: MASCULINO | AE41: FEMENINO | AF41: =COUNTIF(Tabla1[[#This Row],[GENERO_MASCULINO]:[GENERO_FEMENINO]],"MASCULINO") -> 1 | AG41: =COUNTIF(Tabla1[[#This Row],[GENERO_MASCULINO]:[GENERO_FEMENINO]],"FEMENINO") -> 1 | AI41: 23 | AJ41: 20 | AM41: 52 | AN41: 122 | AO41: =IFERROR(((VLOOKUP(Tabla1[[#This Row],[HIPOTESIS_1]],listas!$D$1:$E$105,2,FALSE))),"SIN INFORMACIÓN") -> Girar bruscamente. | AP41: 157 | AQ41: =IFERROR(((VLOOKUP(Tabla1[[#This Row],[HIPOTESIS_2]],listas!$D$1:$E$105,2,FALSE))),"") -> Otra | AR41: =IF(HOUR(Tabla1[[#This Row],[HORA_ACCIDENTE]])<6,"MAÑANA", IF(HOUR(Tabla1[[#This Row],[HORA_ACCIDENTE]])<12,"MAÑANA", IF(HOUR(Tabla1[[#This Row],[HORA_ACCIDENTE]])<18,"TARDE","NOCHE"))) -> MAÑANA
A42: 1038 | B42: 0 | C42: 1 | D42: 0 | E42: =IF(D42>=1,"FALLECIDO",IF(C42>=1,"LESIONADO",IF(B42>=1,"SOLO DAÑO",""))) -> LESIONADO | F42: CALLE 24 # CARRERA 15 | G42: 5.334154 | H42: -72.398246 | I42: MOVILIDAD | J42: URBANO | K42: =UPPER(TEXT(M42,"YYYY")) -> 2025 | L42: =UPPER(TEXT(M42,"MMMM")) -> AGOSTO | M42: 45876 | N42: =UPPER(TEXT(M42,"DDDD")) -> JUEVES | O42: 0.06875 | P42: MOTOCICLETA | Q42: AUTOMOVIL | R42: =COUNTIF(Tabla1[[#This Row],[VEHICULOS_ACCIDENTADOS]:[VEHICULOS_ACCIDENTADOS2]],"MOTOCICLETA") -> 1 | S42: =COUNTIF(Tabla1[[#This Row],[VEHICULOS_ACCIDENTADOS]:[VEHICULOS_ACCIDENTADOS2]],"MOTOCARRO") -> 0 | T42: =COUNTIF(Tabla1[[#This Row],[VEHICULOS_ACCIDENTADOS]:[VEHICULOS_ACCIDENTADOS2]],"AUTOMOVIL") -> 1 | U42: =COUNTIF(Tabla1[[#This Row],[VEHICULOS_ACCIDENTADOS]:[VEHICULOS_ACCIDENTADOS2]],"CAMPERO") -> 0 | V42: =COUNTIF(Tabla1[[#This Row],[VEHICULOS_ACCIDENTADOS]:[VEHICULOS_ACCIDENTADOS2]],"CAMIONETA") -> 0 | W42: =COUNTIF(Tabla1[[#This Row],[VEHICULOS_ACCIDENTADOS]:[VEHICULOS_ACCIDENTADOS2]],"MICROBUS") -> 0 | X42: =COUNTIF(Tabla1[[#This Row],[VEHICULOS_ACCIDENTADOS]:[VEHICULOS_ACCIDENTADOS2]],"BUS") -> 0 | Y42: =COUNTIF(Tabla1[[#This Row],[VEHICULOS_ACCIDENTADOS]:[VEHICULOS_ACCIDENTADOS2]],"BUSETA") -> 0 | Z42: =COUNTIF(Tabla1[[#This Row],[VEHICULOS_ACCIDENTADOS]:[VEHICULOS_ACCIDENTADOS2]],"CAMION") -> 0 | AA42: =COUNTIF(Tabla1[[#This Row],[VEHICULOS_ACCIDENTADOS]:[VEHICULOS_ACCIDENTADOS2]],"TRACTOCAMION") -> 0 | AB42: =COUNTIF(Tabla1[[#This Row],[VEHICULOS_ACCIDENTADOS]:[VEHICULOS_ACCIDENTADOS2]],"VOLQUETA") -> 0 | AC42: =COUNTIF(Tabla1[[#This Row],[VEHICULOS_ACCIDENTADOS]:[VEHICULOS_ACCIDENTADOS2]],"BICICLETA") -> 0 | AD42: FEMENINO | AE42: MASCULINO | AF42: =COUNTIF(Tabla1[[#This Row],[GENERO_MASCULINO]:[GENERO_FEMENINO]],"MASCULINO") -> 1 | AG42: =COUNTIF(Tabla1[[#This Row],[GENERO_MASCULINO]:[GENERO_FEMENINO]],"FEMENINO") -> 1 | AH42: 39 | AI42: 21 | AN42: 114 | AO42: =IFERROR(((VLOOKUP(Tabla1[[#This Row],[HIPOTESIS_1]],listas!$D$1:$E$105,2,FALSE))),"SIN INFORMACIÓN") -> Embriaguez aparente. | AP42: 157 | AQ42: =IFERROR(((VLOOKUP(Tabla1[[#This Row],[HIPOTESIS_2]],listas!$D$1:$E$105,2,FALSE))),"") -> Otra | AR42: =IF(HOUR(Tabla1[[#This Row],[HORA_ACCIDENTE]])<6,"MAÑANA", IF(HOUR(Tabla1[[#This Row],[HORA_ACCIDENTE]])<12,"MAÑANA", IF(HOUR(Tabla1[[#This Row],[HORA_ACCIDENTE]])<18,"TARDE","NOCHE"))) -> MAÑANA
A43: 1022 | B43: 0 | C43: 2 | D43: 0 | E43: =IF(D43>=1,"FALLECIDO",IF(C43>=1,"LESIONADO",IF(B43>=1,"SOLO DAÑO",""))) -> LESIONADO | F43: CALLE 24 # CARRERA 21 | G43: 5.336228 | H43: -72.393067 | I43: MOVILIDAD | J43: URBANO | K43: =UPPER(TEXT(M43,"YYYY")) -> 2025 | L43: =UPPER(TEXT(M43,"MMMM")) -> JULIO | M43: 45865 | N43: =UPPER(TEXT(M43,"DDDD")) -> DOMINGO | O43: 0.13888889 | P43: MOTOCICLETA | Q43: AUTOMOVIL | R43: =COUNTIF(Tabla1[[#This Row],[VEHICULOS_ACCIDENTADOS]:[VEHICULOS_ACCIDENTADOS2]],"MOTOCICLETA") -> 1 | S43: =COUNTIF(Tabla1[[#This Row],[VEHICULOS_ACCIDENTADOS]:[VEHICULOS_ACCIDENTADOS2]],"MOTOCARRO") -> 0 | T43: =COUNTIF(Tabla1[[#This Row],[VEHICULOS_ACCIDENTADOS]:[VEHICULOS_ACCIDENTADOS2]],"AUTOMOVIL") -> 1 | U43: =COUNTIF(Tabla1[[#This Row],[VEHICULOS_ACCIDENTADOS]:[VEHICULOS_ACCIDENTADOS2]],"CAMPERO") -> 0 | V43: =COUNTIF(Tabla1[[#This Row],[VEHICULOS_ACCIDENTADOS]:[VEHICULOS_ACCIDENTADOS2]],"CAMIONETA") -> 0 | W43: =COUNTIF(Tabla1[[#This Row],[VEHICULOS_ACCIDENTADOS]:[VEHICULOS_ACCIDENTADOS2]],"MICROBUS") -> 0 | X43: =COUNTIF(Tabla1[[#This Row],[VEHICULOS_ACCIDENTADOS]:[VEHICULOS_ACCIDENTADOS2]],"BUS") -> 0 | Y43: =COUNTIF(Tabla1[[#This Row],[VEHICULOS_ACCIDENTADOS]:[VEHICULOS_ACCIDENTADOS2]],"BUSETA") -> 0 | Z43: =COUNTIF(Tabla1[[#This Row],[VEHICULOS_ACCIDENTADOS]:[VEHICULOS_ACCIDENTADOS2]],"CAMION") -> 0 | AA43: =COUNTIF(Tabla1[[#This Row],[VEHICULOS_ACCIDENTADOS]:[VEHICULOS_ACCIDENTADOS2]],"TRACTOCAMION") -> 0 | AB43: =COUNTIF(Tabla1[[#This Row],[VEHICULOS_ACCIDENTADOS]:[VEHICULOS_ACCIDENTADOS2]],"VOLQUETA") -> 0 | AC43: =COUNTIF(Tabla1[[#This Row],[VEHICULOS_ACCIDENTADOS]:[VEHICULOS_ACCIDENTADOS2]],"BICICLETA") -> 0 | AD43: MASCULINO | AE43: FEMENINO | AF43: =COUNTIF(Tabla1[[#This Row],[GENERO_MASCULINO]:[GENERO_FEMENINO]],"MASCULINO") -> 1 | AG43: =COUNTIF(Tabla1[[#This Row],[GENERO_MASCULINO]:[GENERO_FEMENINO]],"FEMENINO") -> 1 | AH43: 19 | AI43: 27 | AJ43: 20 | AN43: 139 | AO43: =IFERROR(((VLOOKUP(Tabla1[[#This Row],[HIPOTESIS_1]],listas!$D$1:$E$105,2,FALSE))),"SIN INFORMACIÓN") -> Impericia en el manejo. | AP43: 157 | AQ43: =IFERROR(((VLOOKUP(Tabla1[[#This Row],[HIPOTESIS_2]],listas!$D$1:$E$105,2,FALSE))),"") -> Otra | AR43: =IF(HOUR(Tabla1[[#This Row],[HORA_ACCIDENTE]])<6,"MAÑANA", IF(HOUR(Tabla1[[#This Row],[HORA_ACCIDENTE]])<12,"MAÑANA", IF(HOUR(Tabla1[[#This Row],[HORA_ACCIDENTE]])<18,"TARDE","NOCHE"))) -> MAÑANA
A44: 447 | B44: 0 | C44: 0 | D44: 2 | E44: =IF(D44>=1,"FALLECIDO",IF(C44>=1,"LESIONADO",IF(B44>=1,"SOLO DAÑO",""))) -> FALLECIDO | F44: CALLE 30 ENTRE CARRERA 18 Y 19 | G44: 5.3301867 | H44: -72.392665 | I44: MOVILIDAD | J44: URBANO | K44: =UPPER(TEXT(M44,"YYYY")) -> 2023 | L44: =UPPER(TEXT(M44,"MMMM")) -> ABRIL | M44: 45019 | N44: =UPPER(TEXT(M44,"DDDD")) -> LUNES | O44: 0.72916667 | P44: MOTOCICLETA | Q44: VOLQUETA | R44: =COUNTIF(Tabla1[[#This Row],[VEHICULOS_ACCIDENTADOS]:[VEHICULOS_ACCIDENTADOS2]],"MOTOCICLETA") -> 1 | S44: =COUNTIF(Tabla1[[#This Row],[VEHICULOS_ACCIDENTADOS]:[VEHICULOS_ACCIDENTADOS2]],"MOTOCARRO") -> 0 | T44: =COUNTIF(Tabla1[[#This Row],[VEHICULOS_ACCIDENTADOS]:[VEHICULOS_ACCIDENTADOS2]],"AUTOMOVIL") -> 0 | U44: =COUNTIF(Tabla1[[#This Row],[VEHICULOS_ACCIDENTADOS]:[VEHICULOS_ACCIDENTADOS2]],"CAMPERO") -> 0 | V44: =COUNTIF(Tabla1[[#This Row],[VEHICULOS_ACCIDENTADOS]:[VEHICULOS_ACCIDENTADOS2]],"CAMIONETA") -> 0 | W44: =COUNTIF(Tabla1[[#This Row],[VEHICULOS_ACCIDENTADOS]:[VEHICULOS_ACCIDENTADOS2]],"MICROBUS") -> 0 | X44: =COUNTIF(Tabla1[[#This Row],[VEHICULOS_ACCIDENTADOS]:[VEHICULOS_ACCIDENTADOS2]],"BUS") -> 0 | Y44: =COUNTIF(Tabla1[[#This Row],[VEHICULOS_ACCIDENTADOS]:[VEHICULOS_ACCIDENTADOS2]],"BUSETA") -> 0 | Z44: =COUNTIF(Tabla1[[#This Row],[VEHICULOS_ACCIDENTADOS]:[VEHICULOS_ACCIDENTADOS2]],"CAMION") -> 0 | AA44: =COUNTIF(Tabla1[[#This Row],[VEHICULOS_ACCIDENTADOS]:[VEHICULOS_ACCIDENTADOS2]],"TRACTOCAMION") -> 0 | AB44: =COUNTIF(Tabla1[[#This Row],[VEHICULOS_ACCIDENTADOS]:[VEHICULOS_ACCIDENTADOS2]],"VOLQUETA") -> 1 | AC44: =COUNTIF(Tabla1[[#This Row],[VEHICULOS_ACCIDENTADOS]:[VEHICULOS_ACCIDENTADOS2]],"BICICLETA") -> 0 | AD44: MASCULINO | AE44: FEMENINO | AF44: =COUNTIF(Tabla1[[#This Row],[GENERO_MASCULINO]:[GENERO_FEMENINO]],"MASCULINO") -> 1 | AG44: =COUNTIF(Tabla1[[#This Row],[GENERO_MASCULINO]:[GENERO_FEMENINO]],"FEMENINO") -> 1 | AH44: 71 | AM44: 71 | AN44: 139 | AO44: =IFERROR(((VLOOKUP(Tabla1[[#This Row],[HIPOTESIS_1]],listas!$D$1:$E$105,2,FALSE))),"SIN INFORMACIÓN") -> Impericia en el manejo. | AP44: 157 | AQ44: =IFERROR(((VLOOKUP(Tabla1[[#This Row],[HIPOTESIS_2]],listas!$D$1:$E$105,2,FALSE))),"") -> Otra | AR44: =IF(HOUR(Tabla1[[#This Row],[HORA_ACCIDENTE]])<6,"MAÑANA", IF(HOUR(Tabla1[[#This Row],[HORA_ACCIDENTE]])<12,"MAÑANA", IF(HOUR(Tabla1[[#This Row],[HORA_ACCIDENTE]])<18,"TARDE","NOCHE"))) -> TARDE
A45: 791 | B45: 0 | C45: 0 | D45: 1 | E45: =IF(D45>=1,"FALLECIDO",IF(C45>=1,"LESIONADO",IF(B45>=1,"SOLO DAÑO",""))) -> FALLECIDO | F45: CALLE 40 # 21-23 | G45: 5.3235214 | H45: -72.385293 | I45: MOVILIDAD | J45: URBANO | K45: =UPPER(TEXT(M45,"YYYY")) -> 2024 | L45: =UPPER(TEXT(M45,"MMMM")) -> OCTUBRE | M45: 45577 | N45: =UPPER(TEXT(M45,"DDDD")) -> SÁBADO | O45: 0.20833333 | P45: MOTOCICLETA | R45: =COUNTIF(Tabla1[[#This Row],[VEHICULOS_ACCIDENTADOS]:[VEHICULOS_ACCIDENTADOS2]],"MOTOCICLETA") -> 1 | S45: =COUNTIF(Tabla1[[#This Row],[VEHICULOS_ACCIDENTADOS]:[VEHICULOS_ACCIDENTADOS2]],"MOTOCARRO") -> 0 | T45: =COUNTIF(Tabla1[[#This Row],[VEHICULOS_ACCIDENTADOS]:[VEHICULOS_ACCIDENTADOS2]],"AUTOMOVIL") -> 0 | U45: =COUNTIF(Tabla1[[#This Row],[VEHICULOS_ACCIDENTADOS]:[VEHICULOS_ACCIDENTADOS2]],"CAMPERO") -> 0 | V45: =COUNTIF(Tabla1[[#This Row],[VEHICULOS_ACCIDENTADOS]:[VEHICULOS_ACCIDENTADOS2]],"CAMIONETA") -> 0 | W45: =COUNTIF(Tabla1[[#This Row],[VEHICULOS_ACCIDENTADOS]:[VEHICULOS_ACCIDENTADOS2]],"MICROBUS") -> 0 | X45: =COUNTIF(Tabla1[[#This Row],[VEHICULOS_ACCIDENTADOS]:[VEHICULOS_ACCIDENTADOS2]],"BUS") -> 0 | Y45: =COUNTIF(Tabla1[[#This Row],[VEHICULOS_ACCIDENTADOS]:[VEHICULOS_ACCIDENTADOS2]],"BUSETA") -> 0 | Z45: =COUNTIF(Tabla1[[#This Row],[VEHICULOS_ACCIDENTADOS]:[VEHICULOS_ACCIDENTADOS2]],"CAMION") -> 0 | AA45: =COUNTIF(Tabla1[[#This Row],[VEHICULOS_ACCIDENTADOS]:[VEHICULOS_ACCIDENTADOS2]],"TRACTOCAMION") -> 0 | AB45: =COUNTIF(Tabla1[[#This Row],[VEHICULOS_ACCIDENTADOS]:[VEHICULOS_ACCIDENTADOS2]],"VOLQUETA") -> 0 | AC45: =COUNTIF(Tabla1[[#This Row],[VEHICULOS_ACCIDENTADOS]:[VEHICULOS_ACCIDENTADOS2]],"BICICLETA") -> 0 | AD45: MASCULINO | AF45: =COUNTIF(Tabla1[[#This Row],[GENERO_MASCULINO]:[GENERO_FEMENINO]],"MASCULINO") -> 1 | AG45: =COUNTIF(Tabla1[[#This Row],[GENERO_MASCULINO]:[GENERO_FEMENINO]],"FEMENINO") -> 0 | AM45: 19 | AN45: 114 | AO45: =IFERROR(((VLOOKUP(Tabla1[[#This Row],[HIPOTESIS_1]],listas!$D$1:$E$105,2,FALSE))),"SIN INFORMACIÓN") -> Embriaguez aparente. | AP45: 157 | AQ45: =IFERROR(((VLOOKUP(Tabla1[[#This Row],[HIPOTESIS_2]],listas!$D$1:$E$105,2,FALSE))),"") -> Otra | AR45: =IF(HOUR(Tabla1[[#This Row],[HORA_ACCIDENTE]])<6,"MAÑANA", IF(HOUR(Tabla1[[#This Row],[HORA_ACCIDENTE]])<12,"MAÑANA", IF(HOUR(Tabla1[[#This Row],[HORA_ACCIDENTE]])<18,"TARDE","NOCHE"))) -> MAÑANA
A46: 677 | B46: 0 | C46: 1 | D46: 0 | E46: =IF(D46>=1,"FALLECIDO",IF(C46>=1,"LESIONADO",IF(B46>=1,"SOLO DAÑO",""))) -> LESIONADO | F46: CALLE 40 # 24-53 | G46: 5.3255694 | H46: -72.383339 | I46: MOVILIDAD | J46: URBANO | K46: =UPPER(TEXT(M46,"YYYY")) -> 2024 | L46: =UPPER(TEXT(M46,"MMMM")) -> MARZO | M46: 45361 | N46: =UPPER(TEXT(M46,"DDDD")) -> DOMINGO | O46: 0.16666667 | P46: MOTOCICLETA | R46: =COUNTIF(Tabla1[[#This Row],[VEHICULOS_ACCIDENTADOS]:[VEHICULOS_ACCIDENTADOS2]],"MOTOCICLETA") -> 1 | S46: =COUNTIF(Tabla1[[#This Row],[VEHICULOS_ACCIDENTADOS]:[VEHICULOS_ACCIDENTADOS2]],"MOTOCARRO") -> 0 | T46: =COUNTIF(Tabla1[[#This Row],[VEHICULOS_ACCIDENTADOS]:[VEHICULOS_ACCIDENTADOS2]],"AUTOMOVIL") -> 0 | U46: =COUNTIF(Tabla1[[#This Row],[VEHICULOS_ACCIDENTADOS]:[VEHICULOS_ACCIDENTADOS2]],"CAMPERO") -> 0 | V46: =COUNTIF(Tabla1[[#This Row],[VEHICULOS_ACCIDENTADOS]:[VEHICULOS_ACCIDENTADOS2]],"CAMIONETA") -> 0 | W46: =COUNTIF(Tabla1[[#This Row],[VEHICULOS_ACCIDENTADOS]:[VEHICULOS_ACCIDENTADOS2]],"MICROBUS") -> 0 | X46: =COUNTIF(Tabla1[[#This Row],[VEHICULOS_ACCIDENTADOS]:[VEHICULOS_ACCIDENTADOS2]],"BUS") -> 0 | Y46: =COUNTIF(Tabla1[[#This Row],[VEHICULOS_ACCIDENTADOS]:[VEHICULOS_ACCIDENTADOS2]],"BUSETA") -> 0 | Z46: =COUNTIF(Tabla1[[#This Row],[VEHICULOS_ACCIDENTADOS]:[VEHICULOS_ACCIDENTADOS2]],"CAMION") -> 0 | AA46: =COUNTIF(Tabla1[[#This Row],[VEHICULOS_ACCIDENTADOS]:[VEHICULOS_ACCIDENTADOS2]],"TRACTOCAMION") -> 0 | AB46: =COUNTIF(Tabla1[[#This Row],[VEHICULOS_ACCIDENTADOS]:[VEHICULOS_ACCIDENTADOS2]],"VOLQUETA") -> 0 | AC46: =COUNTIF(Tabla1[[#This Row],[VEHICULOS_ACCIDENTADOS]:[VEHICULOS_ACCIDENTADOS2]],"BICICLETA") -> 0 | AD46: MASCULINO | AF46: =COUNTIF(Tabla1[[#This Row],[GENERO_MASCULINO]:[GENERO_FEMENINO]],"MASCULINO") -> 1 | AG46: =COUNTIF(Tabla1[[#This Row],[GENERO_MASCULINO]:[GENERO_FEMENINO]],"FEMENINO") -> 0 | AH46: 31 | AN46: 139 | AO46: =IFERROR(((VLOOKUP(Tabla1[[#This Row],[HIPOTESIS_1]],listas!$D$1:$E$105,2,FALSE))),"SIN INFORMACIÓN") -> Impericia en el manejo. | AP46: 157 | AQ46: =IFERROR(((VLOOKUP(Tabla1[[#This Row],[HIPOTESIS_2]],listas!$D$1:$E$105,2,FALSE))),"") -> Otra | AR46: =IF(HOUR(Tabla1[[#This Row],[HORA_ACCIDENTE]])<6,"MAÑANA", IF(HOUR(Tabla1[[#This Row],[HORA_ACCIDENTE]])<12,"MAÑANA", IF(HOUR(Tabla1[[#This Row],[HORA_ACCIDENTE]])<18,"TARDE","NOCHE"))) -> MAÑANA
A47: 476 | B47: 0 | C47: 1 | D47: 0 | E47: =IF(D47>=1,"FALLECIDO",IF(C47>=1,"LESIONADO",IF(B47>=1,"SOLO DAÑO",""))) -> LESIONADO | F47: CALLE 40 # 29-48 | G47: 5.3298833 | H47: -72.378775 | I47: MOVILIDAD | J47: URBANO | K47: =UPPER(TEXT(M47,"YYYY")) -> 2023 | L47: =UPPER(TEXT(M47,"MMMM")) -> MAYO | M47: 45057 | N47: =UPPER(TEXT(M47,"DDDD")) -> JUEVES | O47: 0.63194444 | P47: MOTOCICLETA | Q47: CAMIONETA | R47: =COUNTIF(Tabla1[[#This Row],[VEHICULOS_ACCIDENTADOS]:[VEHICULOS_ACCIDENTADOS2]],"MOTOCICLETA") -> 1 | S47: =COUNTIF(Tabla1[[#This Row],[VEHICULOS_ACCIDENTADOS]:[VEHICULOS_ACCIDENTADOS2]],"MOTOCARRO") -> 0 | T47: =COUNTIF(Tabla1[[#This Row],[VEHICULOS_ACCIDENTADOS]:[VEHICULOS_ACCIDENTADOS2]],"AUTOMOVIL") -> 0 | U47: =COUNTIF(Tabla1[[#This Row],[VEHICULOS_ACCIDENTADOS]:[VEHICULOS_ACCIDENTADOS2]],"CAMPERO") -> 0 | V47: =COUNTIF(Tabla1[[#This Row],[VEHICULOS_ACCIDENTADOS]:[VEHICULOS_ACCIDENTADOS2]],"CAMIONETA") -> 1 | W47: =COUNTIF(Tabla1[[#This Row],[VEHICULOS_ACCIDENTADOS]:[VEHICULOS_ACCIDENTADOS2]],"MICROBUS") -> 0 | X47: =COUNTIF(Tabla1[[#This Row],[VEHICULOS_ACCIDENTADOS]:[VEHICULOS_ACCIDENTADOS2]],"BUS") -> 0 | Y47: =COUNTIF(Tabla1[[#This Row],[VEHICULOS_ACCIDENTADOS]:[VEHICULOS_ACCIDENTADOS2]],"BUSETA") -> 0 | Z47: =COUNTIF(Tabla1[[#This Row],[VEHICULOS_ACCIDENTADOS]:[VEHICULOS_ACCIDENTADOS2]],"CAMION") -> 0 | AA47: =COUNTIF(Tabla1[[#This Row],[VEHICULOS_ACCIDENTADOS]:[VEHICULOS_ACCIDENTADOS2]],"TRACTOCAMION") -> 0 | AB47: =COUNTIF(Tabla1[[#This Row],[VEHICULOS_ACCIDENTADOS]:[VEHICULOS_ACCIDENTADOS2]],"VOLQUETA") -> 0 | AC47: =COUNTIF(Tabla1[[#This Row],[VEHICULOS_ACCIDENTADOS]:[VEHICULOS_ACCIDENTADOS2]],"BICICLETA") -> 0 | AD47: MASCULINO | AF47: =COUNTIF(Tabla1[[#This Row],[GENERO_MASCULINO]:[GENERO_FEMENINO]],"MASCULINO") -> 1 | AG47: =COUNTIF(Tabla1[[#This Row],[GENERO_MASCULINO]:[GENERO_FEMENINO]],"FEMENINO") -> 0 | AH47: 16 | AN47: 139 | AO47: =IFERROR(((VLOOKUP(Tabla1[[#This Row],[HIPOTESIS_1]],listas!$D$1:$E$105,2,FALSE))),"SIN INFORMACIÓN") -> Impericia en el manejo. | AP47: 157 | AQ47: =IFERROR(((VLOOKUP(Tabla1[[#This Row],[HIPOTESIS_2]],listas!$D$1:$E$105,2,FALSE))),"") -> Otra | AR47: =IF(HOUR(Tabla1[[#This Row],[HORA_ACCIDENTE]])<6,"MAÑANA", IF(HOUR(Tabla1[[#This Row],[HORA_ACCIDENTE]])<12,"MAÑANA", IF(HOUR(Tabla1[[#This Row],[HORA_ACCIDENTE]])<18,"TARDE","NOCHE"))) -> TARDE
A48: 1031 | B48: 0 | C48: 1 | D48: 0 | E48: =IF(D48>=1,"FALLECIDO",IF(C48>=1,"LESIONADO",IF(B48>=1,"SOLO DAÑO",""))) -> LESIONADO | F48: CALLE 40 # CARRERA 11 | G48: 5.318328 | H48: -72.398932 | I48: MOVILIDAD | J48: URBANO | K48: =UPPER(TEXT(M48,"YYYY")) -> 2025 | L48: =UPPER(TEXT(M48,"MMMM")) -> AGOSTO | M48: 45870 | N48: =UPPER(TEXT(M48,"DDDD")) -> VIERNES | O48: 0.99305556 | P48: MOTOCICLETA | Q48: MOTOCICLETA | R48: =COUNTIF(Tabla1[[#This Row],[VEHICULOS_ACCIDENTADOS]:[VEHICULOS_ACCIDENTADOS2]],"MOTOCICLETA") -> 2 | S48: =COUNTIF(Tabla1[[#This Row],[VEHICULOS_ACCIDENTADOS]:[VEHICULOS_ACCIDENTADOS2]],"MOTOCARRO") -> 0 | T48: =COUNTIF(Tabla1[[#This Row],[VEHICULOS_ACCIDENTADOS]:[VEHICULOS_ACCIDENTADOS2]],"AUTOMOVIL") -> 0 | U48: =COUNTIF(Tabla1[[#This Row],[VEHICULOS_ACCIDENTADOS]:[VEHICULOS_ACCIDENTADOS2]],"CAMPERO") -> 0 | V48: =COUNTIF(Tabla1[[#This Row],[VEHICULOS_ACCIDENTADOS]:[VEHICULOS_ACCIDENTADOS2]],"CAMIONETA") -> 0 | W48: =COUNTIF(Tabla1[[#This Row],[VEHICULOS_ACCIDENTADOS]:[VEHICULOS_ACCIDENTADOS2]],"MICROBUS") -> 0 | X48: =COUNTIF(Tabla1[[#This Row],[VEHICULOS_ACCIDENTADOS]:[VEHICULOS_ACCIDENTADOS2]],"BUS") -> 0 | Y48: =COUNTIF(Tabla1[[#This Row],[VEHICULOS_ACCIDENTADOS]:[VEHICULOS_ACCIDENTADOS2]],"BUSETA") -> 0 | Z48: =COUNTIF(Tabla1[[#This Row],[VEHICULOS_ACCIDENTADOS]:[VEHICULOS_ACCIDENTADOS2]],"CAMION") -> 0 | AA48: =COUNTIF(Tabla1[[#This Row],[VEHICULOS_ACCIDENTADOS]:[VEHICULOS_ACCIDENTADOS2]],"TRACTOCAMION") -> 0 | AB48: =COUNTIF(Tabla1[[#This Row],[VEHICULOS_ACCIDENTADOS]:[VEHICULOS_ACCIDENTADOS2]],"VOLQUETA") -> 0 | AC48: =COUNTIF(Tabla1[[#This Row],[VEHICULOS_ACCIDENTADOS]:[VEHICULOS_ACCIDENTADOS2]],"BICICLETA") -> 0 | AD48: FEMENINO | AE48: MASCULINO | AF48: =COUNTIF(Tabla1[[#This Row],[GENERO_MASCULINO]:[GENERO_FEMENINO]],"MASCULINO") -> 1 | AG48: =COUNTIF(Tabla1[[#This Row],[GENERO_MASCULINO]:[GENERO_FEMENINO]],"FEMENINO") -> 1 | AH48: 29 | AI48: 52 | AN48: 114 | AO48: =IFERROR(((VLOOKUP(Tabla1[[#This Row],[HIPOTESIS_1]],listas!$D$1:$E$105,2,FALSE))),"SIN INFORMACIÓN") -> Embriaguez aparente. | AP48: 157 | AQ48: =IFERROR(((VLOOKUP(Tabla1[[#This Row],[HIPOTESIS_2]],listas!$D$1:$E$105,2,FALSE))),"") -> Otra | AR48: =IF(HOUR(Tabla1[[#This Row],[HORA_ACCIDENTE]])<6,"MAÑANA", IF(HOUR(Tabla1[[#This Row],[HORA_ACCIDENTE]])<12,"MAÑANA", IF(HOUR(Tabla1[[#This Row],[HORA_ACCIDENTE]])<18,"TARDE","NOCHE"))) -> NOCHE
A49: 1080 | B49: 0 | C49: 2 | D49: 0 | E49: =IF(D49>=1,"FALLECIDO",IF(C49>=1,"LESIONADO",IF(B49>=1,"SOLO DAÑO",""))) -> LESIONADO | F49: CALLE 40 # CARRERA 33 | G49: 5.3317368 | H49: -72.376993 | I49: MOVILIDAD | J49: URBANO | K49: =UPPER(TEXT(M49,"YYYY")) -> 2025 | L49: =UPPER(TEXT(M49,"MMMM")) -> SEPTIEMBRE | M49: 45928 | N49: =UPPER(TEXT(M49,"DDDD")) -> DOMINGO | O49: 0.53472222 | P49: CAMPERO | Q49: AUTOMOVIL | R49: =COUNTIF(Tabla1[[#This Row],[VEHICULOS_ACCIDENTADOS]:[VEHICULOS_ACCIDENTADOS2]],"MOTOCICLETA") -> 0 | S49: =COUNTIF(Tabla1[[#This Row],[VEHICULOS_ACCIDENTADOS]:[VEHICULOS_ACCIDENTADOS2]],"MOTOCARRO") -> 0 | T49: =COUNTIF(Tabla1[[#This Row],[VEHICULOS_ACCIDENTADOS]:[VEHICULOS_ACCIDENTADOS2]],"AUTOMOVIL") -> 1 | U49: =COUNTIF(Tabla1[[#This Row],[VEHICULOS_ACCIDENTADOS]:[VEHICULOS_ACCIDENTADOS2]],"CAMPERO") -> 1 | V49: =COUNTIF(Tabla1[[#This Row],[VEHICULOS_ACCIDENTADOS]:[VEHICULOS_ACCIDENTADOS2]],"CAMIONETA") -> 0 | W49: =COUNTIF(Tabla1[[#This Row],[VEHICULOS_ACCIDENTADOS]:[VEHICULOS_ACCIDENTADOS2]],"MICROBUS") -> 0 | X49: =COUNTIF(Tabla1[[#This Row],[VEHICULOS_ACCIDENTADOS]:[VEHICULOS_ACCIDENTADOS2]],"BUS") -> 0 | Y49: =COUNTIF(Tabla1[[#This Row],[VEHICULOS_ACCIDENTADOS]:[VEHICULOS_ACCIDENTADOS2]],"BUSETA") -> 0 | Z49: =COUNTIF(Tabla1[[#This Row],[VEHICULOS_ACCIDENTADOS]:[VEHICULOS_ACCIDENTADOS2]],"CAMION") -> 0 | AA49: =COUNTIF(Tabla1[[#This Row],[VEHICULOS_ACCIDENTADOS]:[VEHICULOS_ACCIDENTADOS2]],"TRACTOCAMION") -> 0 | AB49: =COUNTIF(Tabla1[[#This Row],[VEHICULOS_ACCIDENTADOS]:[VEHICULOS_ACCIDENTADOS2]],"VOLQUETA") -> 0 | AC49: =COUNTIF(Tabla1[[#This Row],[VEHICULOS_ACCIDENTADOS]:[VEHICULOS_ACCIDENTADOS2]],"BICICLETA") -> 0 | AD49: MASCULINO | AE49: MASCULINO | AF49: =COUNTIF(Tabla1[[#This Row],[GENERO_MASCULINO]:[GENERO_FEMENINO]],"MASCULINO") -> 2 | AG49: =COUNTIF(Tabla1[[#This Row],[GENERO_MASCULINO]:[GENERO_FEMENINO]],"FEMENINO") -> 0 | AH49: 75 | AI49: 32 | AN49: 112 | AO49: =IFERROR(((VLOOKUP(Tabla1[[#This Row],[HIPOTESIS_1]],listas!$D$1:$E$105,2,FALSE))),"SIN INFORMACIÓN") -> Desobedecer señales o normas de tránsito. | AP49: 157 | AQ49: =IFERROR(((VLOOKUP(Tabla1[[#This Row],[HIPOTESIS_2]],listas!$D$1:$E$105,2,FALSE))),"") -> Otra | AR49: =IF(HOUR(Tabla1[[#This Row],[HORA_ACCIDENTE]])<6,"MAÑANA", IF(HOUR(Tabla1[[#This Row],[HORA_ACCIDENTE]])<12,"MAÑANA", IF(HOUR(Tabla1[[#This Row],[HORA_ACCIDENTE]])<18,"TARDE","NOCHE"))) -> TARDE
A50: 133 | B50: 0 | C50: 1 | D50: 0 | E50: =IF(D50>=1,"FALLECIDO",IF(C50>=1,"LESIONADO",IF(B50>=1,"SOLO DAÑO",""))) -> LESIONADO | F50: CALLE 40BIS # 6-14 | G50: 5.3185139 | H50: -72.403439 | I50: MOVILIDAD | J50: URBANO | K50: =UPPER(TEXT(M50,"YYYY")) -> 2022 | L50: =UPPER(TEXT(M50,"MMMM")) -> ABRIL | M50: 44664 | N50: =UPPER(TEXT(M50,"DDDD")) -> MIÉRCOLES | O50: 0.58333333 | P50: MOTOCICLETA | R50: =COUNTIF(Tabla1[[#This Row],[VEHICULOS_ACCIDENTADOS]:[VEHICULOS_ACCIDENTADOS2]],"MOTOCICLETA") -> 1 | S50: =COUNTIF(Tabla1[[#This Row],[VEHICULOS_ACCIDENTADOS]:[VEHICULOS_ACCIDENTADOS2]],"MOTOCARRO") -> 0 | T50: =COUNTIF(Tabla1[[#This Row],[VEHICULOS_ACCIDENTADOS]:[VEHICULOS_ACCIDENTADOS2]],"AUTOMOVIL") -> 0 | U50: =COUNTIF(Tabla1[[#This Row],[VEHICULOS_ACCIDENTADOS]:[VEHICULOS_ACCIDENTADOS2]],"CAMPERO") -> 0 | V50: =COUNTIF(Tabla1[[#This Row],[VEHICULOS_ACCIDENTADOS]:[VEHICULOS_ACCIDENTADOS2]],"CAMIONETA") -> 0 | W50: =COUNTIF(Tabla1[[#This Row],[VEHICULOS_ACCIDENTADOS]:[VEHICULOS_ACCIDENTADOS2]],"MICROBUS") -> 0 | X50: =COUNTIF(Tabla1[[#This Row],[VEHICULOS_ACCIDENTADOS]:[VEHICULOS_ACCIDENTADOS2]],"BUS") -> 0 | Y50: =COUNTIF(Tabla1[[#This Row],[VEHICULOS_ACCIDENTADOS]:[VEHICULOS_ACCIDENTADOS2]],"BUSETA") -> 0 | Z50: =COUNTIF(Tabla1[[#This Row],[VEHICULOS_ACCIDENTADOS]:[VEHICULOS_ACCIDENTADOS2]],"CAMION") -> 0 | AA50: =COUNTIF(Tabla1[[#This Row],[VEHICULOS_ACCIDENTADOS]:[VEHICULOS_ACCIDENTADOS2]],"TRACTOCAMION") -> 0 | AB50: =COUNTIF(Tabla1[[#This Row],[VEHICULOS_ACCIDENTADOS]:[VEHICULOS_ACCIDENTADOS2]],"VOLQUETA") -> 0 | AC50: =COUNTIF(Tabla1[[#This Row],[VEHICULOS_ACCIDENTADOS]:[VEHICULOS_ACCIDENTADOS2]],"BICICLETA") -> 0 | AE50: FEMENINO | AF50: =COUNTIF(Tabla1[[#This Row],[GENERO_MASCULINO]:[GENERO_FEMENINO]],"MASCULINO") -> 0 | AG50: =COUNTIF(Tabla1[[#This Row],[GENERO_MASCULINO]:[GENERO_FEMENINO]],"FEMENINO") -> 1 | AH50: 20 | AN50: 139 | AO50: =IFERROR(((VLOOKUP(Tabla1[[#This Row],[HIPOTESIS_1]],listas!$D$1:$E$105,2,FALSE))),"SIN INFORMACIÓN") -> Impericia en el manejo. | AP50: 157 | AQ50: =IFERROR(((VLOOKUP(Tabla1[[#This Row],[HIPOTESIS_2]],listas!$D$1:$E$105,2,FALSE))),"") -> Otra | AR50: =IF(HOUR(Tabla1[[#This Row],[HORA_ACCIDENTE]])<6,"MAÑANA", IF(HOUR(Tabla1[[#This Row],[HORA_ACCIDENTE]])<12,"MAÑANA", IF(HOUR(Tabla1[[#This Row],[HORA_ACCIDENTE]])<18,"TARDE","NOCHE"))) -> TARDE
A51: 665 | B51: 0 | C51: 0 | D51: 1 | E51: =IF(D51>=1,"FALLECIDO",IF(C51>=1,"LESIONADO",IF(B51>=1,"SOLO DAÑO",""))) -> FALLECIDO | F51: CARRERA 1 DIAGONAL 47 | G51: 5.3101472 | H51: -72.415317 | I51: MOVILIDAD | J51: URBANO | K51: =UPPER(TEXT(M51,"YYYY")) -> 2024 | L51: =UPPER(TEXT(M51,"MMMM")) -> FEBRERO | M51: 45343 | N51: =UPPER(TEXT(M51,"DDDD")) -> MIÉRCOLES | O51: 0.98611111 | P51: MOTOCICLETA | R51: =COUNTIF(Tabla1[[#This Row],[VEHICULOS_ACCIDENTADOS]:[VEHICULOS_ACCIDENTADOS2]],"MOTOCICLETA") -> 1 | S51: =COUNTIF(Tabla1[[#This Row],[VEHICULOS_ACCIDENTADOS]:[VEHICULOS_ACCIDENTADOS2]],"MOTOCARRO") -> 0 | T51: =COUNTIF(Tabla1[[#This Row],[VEHICULOS_ACCIDENTADOS]:[VEHICULOS_ACCIDENTADOS2]],"AUTOMOVIL") -> 0 | U51: =COUNTIF(Tabla1[[#This Row],[VEHICULOS_ACCIDENTADOS]:[VEHICULOS_ACCIDENTADOS2]],"CAMPERO") -> 0 | V51: =COUNTIF(Tabla1[[#This Row],[VEHICULOS_ACCIDENTADOS]:[VEHICULOS_ACCIDENTADOS2]],"CAMIONETA") -> 0 | W51: =COUNTIF(Tabla1[[#This Row],[VEHICULOS_ACCIDENTADOS]:[VEHICULOS_ACCIDENTADOS2]],"MICROBUS") -> 0 | X51: =COUNTIF(Tabla1[[#This Row],[VEHICULOS_ACCIDENTADOS]:[VEHICULOS_ACCIDENTADOS2]],"BUS") -> 0 | Y51: =COUNTIF(Tabla1[[#This Row],[VEHICULOS_ACCIDENTADOS]:[VEHICULOS_ACCIDENTADOS2]],"BUSETA") -> 0 | Z51: =COUNTIF(Tabla1[[#This Row],[VEHICULOS_ACCIDENTADOS]:[VEHICULOS_ACCIDENTADOS2]],"CAMION") -> 0 | AA51: =COUNTIF(Tabla1[[#This Row],[VEHICULOS_ACCIDENTADOS]:[VEHICULOS_ACCIDENTADOS2]],"TRACTOCAMION") -> 0 | AB51: =COUNTIF(Tabla1[[#This Row],[VEHICULOS_ACCIDENTADOS]:[VEHICULOS_ACCIDENTADOS2]],"VOLQUETA") -> 0 | AC51: =COUNTIF(Tabla1[[#This Row],[VEHICULOS_ACCIDENTADOS]:[VEHICULOS_ACCIDENTADOS2]],"BICICLETA") -> 0 | AD51: MASCULINO | AF51: =COUNTIF(Tabla1[[#This Row],[GENERO_MASCULINO]:[GENERO_FEMENINO]],"MASCULINO") -> 1 | AG51: =COUNTIF(Tabla1[[#This Row],[GENERO_MASCULINO]:[GENERO_FEMENINO]],"FEMENINO") -> 0 | AM51: 23 | AN51: 114 | AO51: =IFERROR(((VLOOKUP(Tabla1[[#This Row],[HIPOTESIS_1]],listas!$D$1:$E$105,2,FALSE))),"SIN INFORMACIÓN") -> Embriaguez aparente. | AP51: 157 | AQ51: =IFERROR(((VLOOKUP(Tabla1[[#This Row],[HIPOTESIS_2]],listas!$D$1:$E$105,2,FALSE))),"") -> Otra | AR51: =IF(HOUR(Tabla1[[#This Row],[HORA_ACCIDENTE]])<6,"MAÑANA", IF(HOUR(Tabla1[[#This Row],[HORA_ACCIDENTE]])<12,"MAÑANA", IF(HOUR(Tabla1[[#This Row],[HORA_ACCIDENTE]])<18,"TARDE","NOCHE"))) -> NOCHE
A52: 384 | B52: 0 | C52: 2 | D52: 0 | E52: =IF(D52>=1,"FALLECIDO",IF(C52>=1,"LESIONADO",IF(B52>=1,"SOLO DAÑO",""))) -> LESIONADO | F52: CARRERA 10A DIAGONAL 47 | G52: 5.3113139 | H52: -72.398852 | I52: MOVILIDAD | J52: URBANO | K52: =UPPER(TEXT(M52,"YYYY")) -> 2023 | L52: =UPPER(TEXT(M52,"MMMM")) -> ENERO | M52: 44929 | N52: =UPPER(TEXT(M52,"DDDD")) -> MARTES | O52: 0.68055556 | P52: MOTOCICLETA | Q52: AUTOMOVIL | R52: =COUNTIF(Tabla1[[#This Row],[VEHICULOS_ACCIDENTADOS]:[VEHICULOS_ACCIDENTADOS2]],"MOTOCICLETA") -> 1 | S52: =COUNTIF(Tabla1[[#This Row],[VEHICULOS_ACCIDENTADOS]:[VEHICULOS_ACCIDENTADOS2]],"MOTOCARRO") -> 0 | T52: =COUNTIF(Tabla1[[#This Row],[VEHICULOS_ACCIDENTADOS]:[VEHICULOS_ACCIDENTADOS2]],"AUTOMOVIL") -> 1 | U52: =COUNTIF(Tabla1[[#This Row],[VEHICULOS_ACCIDENTADOS]:[VEHICULOS_ACCIDENTADOS2]],"CAMPERO") -> 0 | V52: =COUNTIF(Tabla1[[#This Row],[VEHICULOS_ACCIDENTADOS]:[VEHICULOS_ACCIDENTADOS2]],"CAMIONETA") -> 0 | W52: =COUNTIF(Tabla1[[#This Row],[VEHICULOS_ACCIDENTADOS]:[VEHICULOS_ACCIDENTADOS2]],"MICROBUS") -> 0 | X52: =COUNTIF(Tabla1[[#This Row],[VEHICULOS_ACCIDENTADOS]:[VEHICULOS_ACCIDENTADOS2]],"BUS") -> 0 | Y52: =COUNTIF(Tabla1[[#This Row],[VEHICULOS_ACCIDENTADOS]:[VEHICULOS_ACCIDENTADOS2]],"BUSETA") -> 0 | Z52: =COUNTIF(Tabla1[[#This Row],[VEHICULOS_ACCIDENTADOS]:[VEHICULOS_ACCIDENTADOS2]],"CAMION") -> 0 | AA52: =COUNTIF(Tabla1[[#This Row],[VEHICULOS_ACCIDENTADOS]:[VEHICULOS_ACCIDENTADOS2]],"TRACTOCAMION") -> 0 | AB52: =COUNTIF(Tabla1[[#This Row],[VEHICULOS_ACCIDENTADOS]:[VEHICULOS_ACCIDENTADOS2]],"VOLQUETA") -> 0 | AC52: =COUNTIF(Tabla1[[#This Row],[VEHICULOS_ACCIDENTADOS]:[VEHICULOS_ACCIDENTADOS2]],"BICICLETA") -> 0 | AD52: MASCULINO | AE52: FEMENINO | AF52: =COUNTIF(Tabla1[[#This Row],[GENERO_MASCULINO]:[GENERO_FEMENINO]],"MASCULINO") -> 1 | AG52: =COUNTIF(Tabla1[[#This Row],[GENERO_MASCULINO]:[GENERO_FEMENINO]],"FEMENINO") -> 1 | AH52: 24 | AI52: 52 | AN52: 121 | AO52: =IFERROR(((VLOOKUP(Tabla1[[#This Row],[HIPOTESIS_1]],listas!$D$1:$E$105,2,FALSE))),"SIN INFORMACIÓN") -> No mantener distancia de seguridad. | AP52: 157 | AQ52: =IFERROR(((VLOOKUP(Tabla1[[#This Row],[HIPOTESIS_2]],listas!$D$1:$E$105,2,FALSE))),"") -> Otra | AR52: =IF(HOUR(Tabla1[[#This Row],[HORA_ACCIDENTE]])<6,"MAÑANA", IF(HOUR(Tabla1[[#This Row],[HORA_ACCIDENTE]])<12,"MAÑANA", IF(HOUR(Tabla1[[#This Row],[HORA_ACCIDENTE]])<18,"TARDE","NOCHE"))) -> TARDE
A53: 904 | B53: 0 | C53: 1 | D53: 0 | E53: =IF(D53>=1,"FALLECIDO",IF(C53>=1,"LESIONADO",IF(B53>=1,"SOLO DAÑO",""))) -> LESIONADO | F53: CARRERA 11 # 41 | G53: 5.317706 | H53: -72.398832 | I53: MOVILIDAD | J53: URBANO | K53: =UPPER(TEXT(M53,"YYYY")) -> 2025 | L53: =UPPER(TEXT(M53,"MMMM")) -> MARZO | M53: 45731 | N53: =UPPER(TEXT(M53,"DDDD")) -> SÁBADO | O53: 0.61111111 | P53: MOTOCICLETA | Q53: CAMPERO | R53: =COUNTIF(Tabla1[[#This Row],[VEHICULOS_ACCIDENTADOS]:[VEHICULOS_ACCIDENTADOS2]],"MOTOCICLETA") -> 1 | S53: =COUNTIF(Tabla1[[#This Row],[VEHICULOS_ACCIDENTADOS]:[VEHICULOS_ACCIDENTADOS2]],"MOTOCARRO") -> 0 | T53: =COUNTIF(Tabla1[[#This Row],[VEHICULOS_ACCIDENTADOS]:[VEHICULOS_ACCIDENTADOS2]],"AUTOMOVIL") -> 0 | U53: =COUNTIF(Tabla1[[#This Row],[VEHICULOS_ACCIDENTADOS]:[VEHICULOS_ACCIDENTADOS2]],"CAMPERO") -> 1 | V53: =COUNTIF(Tabla1[[#This Row],[VEHICULOS_ACCIDENTADOS]:[VEHICULOS_ACCIDENTADOS2]],"CAMIONETA") -> 0 | W53: =COUNTIF(Tabla1[[#This Row],[VEHICULOS_ACCIDENTADOS]:[VEHICULOS_ACCIDENTADOS2]],"MICROBUS") -> 0 | X53: =COUNTIF(Tabla1[[#This Row],[VEHICULOS_ACCIDENTADOS]:[VEHICULOS_ACCIDENTADOS2]],"BUS") -> 0 | Y53: =COUNTIF(Tabla1[[#This Row],[VEHICULOS_ACCIDENTADOS]:[VEHICULOS_ACCIDENTADOS2]],"BUSETA") -> 0 | Z53: =COUNTIF(Tabla1[[#This Row],[VEHICULOS_ACCIDENTADOS]:[VEHICULOS_ACCIDENTADOS2]],"CAMION") -> 0 | AA53: =COUNTIF(Tabla1[[#This Row],[VEHICULOS_ACCIDENTADOS]:[VEHICULOS_ACCIDENTADOS2]],"TRACTOCAMION") -> 0 | AB53: =COUNTIF(Tabla1[[#This Row],[VEHICULOS_ACCIDENTADOS]:[VEHICULOS_ACCIDENTADOS2]],"VOLQUETA") -> 0 | AC53: =COUNTIF(Tabla1[[#This Row],[VEHICULOS_ACCIDENTADOS]:[VEHICULOS_ACCIDENTADOS2]],"BICICLETA") -> 0 | AD53: MASCULINO | AE53: MASCULINO | AF53: =COUNTIF(Tabla1[[#This Row],[GENERO_MASCULINO]:[GENERO_FEMENINO]],"MASCULINO") -> 2 | AG53: =COUNTIF(Tabla1[[#This Row],[GENERO_MASCULINO]:[GENERO_FEMENINO]],"FEMENINO") -> 0 | AH53: 17 | AI53: 54 | AN53: 122 | AO53: =IFERROR(((VLOOKUP(Tabla1[[#This Row],[HIPOTESIS_1]],listas!$D$1:$E$105,2,FALSE))),"SIN INFORMACIÓN") -> Girar bruscamente. | AP53: 157 | AQ53: =IFERROR(((VLOOKUP(Tabla1[[#This Row],[HIPOTESIS_2]],listas!$D$1:$E$105,2,FALSE))),"") -> Otra | AR53: =IF(HOUR(Tabla1[[#This Row],[HORA_ACCIDENTE]])<6,"MAÑANA", IF(HOUR(Tabla1[[#This Row],[HORA_ACCIDENTE]])<12,"MAÑANA", IF(HOUR(Tabla1[[#This Row],[HORA_ACCIDENTE]])<18,"TARDE","NOCHE"))) -> TARDE
A54: 926 | B54: 0 | C54: 2 | D54: 0 | E54: =IF(D54>=1,"FALLECIDO",IF(C54>=1,"LESIONADO",IF(B54>=1,"SOLO DAÑO",""))) -> LESIONADO | F54: CARRERA 11 CALLE 32A | G54: 5.324798 | H54: -72.4012 | I54: MOVILIDAD | J54: URBANO | K54: =UPPER(TEXT(M54,"YYYY")) -> 2025 | L54: =UPPER(TEXT(M54,"MMMM")) -> ABRIL | M54: 45753 | N54: =UPPER(TEXT(M54,"DDDD")) -> DOMINGO | O54: 0.53472222 | P54: MOTOCICLETA | Q54: AUTOMOVIL | R54: =COUNTIF(Tabla1[[#This Row],[VEHICULOS_ACCIDENTADOS]:[VEHICULOS_ACCIDENTADOS2]],"MOTOCICLETA") -> 1 | S54: =COUNTIF(Tabla1[[#This Row],[VEHICULOS_ACCIDENTADOS]:[VEHICULOS_ACCIDENTADOS2]],"MOTOCARRO") -> 0 | T54: =COUNTIF(Tabla1[[#This Row],[VEHICULOS_ACCIDENTADOS]:[VEHICULOS_ACCIDENTADOS2]],"AUTOMOVIL") -> 1 | U54: =COUNTIF(Tabla1[[#This Row],[VEHICULOS_ACCIDENTADOS]:[VEHICULOS_ACCIDENTADOS2]],"CAMPERO") -> 0 | V54: =COUNTIF(Tabla1[[#This Row],[VEHICULOS_ACCIDENTADOS]:[VEHICULOS_ACCIDENTADOS2]],"CAMIONETA") -> 0 | W54: =COUNTIF(Tabla1[[#This Row],[VEHICULOS_ACCIDENTADOS]:[VEHICULOS_ACCIDENTADOS2]],"MICROBUS") -> 0 | X54: =COUNTIF(Tabla1[[#This Row],[VEHICULOS_ACCIDENTADOS]:[VEHICULOS_ACCIDENTADOS2]],"BUS") -> 0 | Y54: =COUNTIF(Tabla1[[#This Row],[VEHICULOS_ACCIDENTADOS]:[VEHICULOS_ACCIDENTADOS2]],"BUSETA") -> 0 | Z54: =COUNTIF(Tabla1[[#This Row],[VEHICULOS_ACCIDENTADOS]:[VEHICULOS_ACCIDENTADOS2]],"CAMION") -> 0 | AA54: =COUNTIF(Tabla1[[#This Row],[VEHICULOS_ACCIDENTADOS]:[VEHICULOS_ACCIDENTADOS2]],"TRACTOCAMION") -> 0 | AB54: =COUNTIF(Tabla1[[#This Row],[VEHICULOS_ACCIDENTADOS]:[VEHICULOS_ACCIDENTADOS2]],"VOLQUETA") -> 0 | AC54: =COUNTIF(Tabla1[[#This Row],[VEHICULOS_ACCIDENTADOS]:[VEHICULOS_ACCIDENTADOS2]],"BICICLETA") -> 0 | AD54: FEMENINO | AE54: MASCULINO | AF54: =COUNTIF(Tabla1[[#This Row],[GENERO_MASCULINO]:[GENERO_FEMENINO]],"MASCULINO") -> 1 | AG54: =COUNTIF(Tabla1[[#This Row],[GENERO_MASCULINO]:[GENERO_FEMENINO]],"FEMENINO") -> 1 | AH54: 25 | AI54: 46 | AJ54: 31 | AN54: 121 | AO54: =IFERROR(((VLOOKUP(Tabla1[[#This Row],[HIPOTESIS_1]],listas!$D$1:$E$105,2,FALSE))),"SIN INFORMACIÓN") -> No mantener distancia de seguridad. | AP54: 157 | AQ54: =IFERROR(((VLOOKUP(Tabla1[[#This Row],[HIPOTESIS_2]],listas!$D$1:$E$105,2,FALSE))),"") -> Otra | AR54: =IF(HOUR(Tabla1[[#This Row],[HORA_ACCIDENTE]])<6,"MAÑANA", IF(HOUR(Tabla1[[#This Row],[HORA_ACCIDENTE]])<12,"MAÑANA", IF(HOUR(Tabla1[[#This Row],[HORA_ACCIDENTE]])<18,"TARDE","NOCHE"))) -> TARDE
A55: 436 | B55: 0 | C55: 1 | D55: 0 | E55: =IF(D55>=1,"FALLECIDO",IF(C55>=1,"LESIONADO",IF(B55>=1,"SOLO DAÑO",""))) -> LESIONADO | F55: CARRERA 11 DIAGONAL 47 | G55: 5.3117694 | H55: -72.398197 | I55: MOVILIDAD | J55: URBANO | K55: =UPPER(TEXT(M55,"YYYY")) -> 2023 | L55: =UPPER(TEXT(M55,"MMMM")) -> MARZO | M55: 45005 | N55: =UPPER(TEXT(M55,"DDDD")) -> LUNES | O55: 0.75694444 | P55: MOTOCICLETA | R55: =COUNTIF(Tabla1[[#This Row],[VEHICULOS_ACCIDENTADOS]:[VEHICULOS_ACCIDENTADOS2]],"MOTOCICLETA") -> 1 | S55: =COUNTIF(Tabla1[[#This Row],[VEHICULOS_ACCIDENTADOS]:[VEHICULOS_ACCIDENTADOS2]],"MOTOCARRO") -> 0 | T55: =COUNTIF(Tabla1[[#This Row],[VEHICULOS_ACCIDENTADOS]:[VEHICULOS_ACCIDENTADOS2]],"AUTOMOVIL") -> 0 | U55: =COUNTIF(Tabla1[[#This Row],[VEHICULOS_ACCIDENTADOS]:[VEHICULOS_ACCIDENTADOS2]],"CAMPERO") -> 0 | V55: =COUNTIF(Tabla1[[#This Row],[VEHICULOS_ACCIDENTADOS]:[VEHICULOS_ACCIDENTADOS2]],"CAMIONETA") -> 0 | W55: =COUNTIF(Tabla1[[#This Row],[VEHICULOS_ACCIDENTADOS]:[VEHICULOS_ACCIDENTADOS2]],"MICROBUS") -> 0 | X55: =COUNTIF(Tabla1[[#This Row],[VEHICULOS_ACCIDENTADOS]:[VEHICULOS_ACCIDENTADOS2]],"BUS") -> 0 | Y55: =COUNTIF(Tabla1[[#This Row],[VEHICULOS_ACCIDENTADOS]:[VEHICULOS_ACCIDENTADOS2]],"BUSETA") -> 0 | Z55: =COUNTIF(Tabla1[[#This Row],[VEHICULOS_ACCIDENTADOS]:[VEHICULOS_ACCIDENTADOS2]],"CAMION") -> 0 | AA55: =COUNTIF(Tabla1[[#This Row],[VEHICULOS_ACCIDENTADOS]:[VEHICULOS_ACCIDENTADOS2]],"TRACTOCAMION") -> 0 | AB55: =COUNTIF(Tabla1[[#This Row],[VEHICULOS_ACCIDENTADOS]:[VEHICULOS_ACCIDENTADOS2]],"VOLQUETA") -> 0 | AC55: =COUNTIF(Tabla1[[#This Row],[VEHICULOS_ACCIDENTADOS]:[VEHICULOS_ACCIDENTADOS2]],"BICICLETA") -> 0 | AD55: MASCULINO | AF55: =COUNTIF(Tabla1[[#This Row],[GENERO_MASCULINO]:[GENERO_FEMENINO]],"MASCULINO") -> 1 | AG55: =COUNTIF(Tabla1[[#This Row],[GENERO_MASCULINO]:[GENERO_FEMENINO]],"FEMENINO") -> 0 | AH55: 75 | AN55: 139 | AO55: =IFERROR(((VLOOKUP(Tabla1[[#This Row],[HIPOTESIS_1]],listas!$D$1:$E$105,2,FALSE))),"SIN INFORMACIÓN") -> Impericia en el manejo. | AP55: 157 | AQ55: =IFERROR(((VLOOKUP(Tabla1[[#This Row],[HIPOTESIS_2]],listas!$D$1:$E$105,2,FALSE))),"") -> Otra | AR55: =IF(HOUR(Tabla1[[#This Row],[HORA_ACCIDENTE]])<6,"MAÑANA", IF(HOUR(Tabla1[[#This Row],[HORA_ACCIDENTE]])<12,"MAÑANA", IF(HOUR(Tabla1[[#This Row],[HORA_ACCIDENTE]])<18,"TARDE","NOCHE"))) -> NOCHE
A56: 731 | B56: 0 | C56: 1 | D56: 0 | E56: =IF(D56>=1,"FALLECIDO",IF(C56>=1,"LESIONADO",IF(B56>=1,"SOLO DAÑO",""))) -> LESIONADO | F56: CARRERA 11 DIAGONAL 47 | G56: 5.3117694 | H56: -72.398197 | I56: MOVILIDAD | J56: URBANO | K56: =UPPER(TEXT(M56,"YYYY")) -> 2024 | L56: =UPPER(TEXT(M56,"MMMM")) -> JUNIO | M56: 45460 | N56: =UPPER(TEXT(M56,"DDDD")) -> LUNES | O56: 0.28472222 | P56: MOTOCICLETA | Q56: CAMIONETA | R56: =COUNTIF(Tabla1[[#This Row],[VEHICULOS_ACCIDENTADOS]:[VEHICULOS_ACCIDENTADOS2]],"MOTOCICLETA") -> 1 | S56: =COUNTIF(Tabla1[[#This Row],[VEHICULOS_ACCIDENTADOS]:[VEHICULOS_ACCIDENTADOS2]],"MOTOCARRO") -> 0 | T56: =COUNTIF(Tabla1[[#This Row],[VEHICULOS_ACCIDENTADOS]:[VEHICULOS_ACCIDENTADOS2]],"AUTOMOVIL") -> 0 | U56: =COUNTIF(Tabla1[[#This Row],[VEHICULOS_ACCIDENTADOS]:[VEHICULOS_ACCIDENTADOS2]],"CAMPERO") -> 0 | V56: =COUNTIF(Tabla1[[#This Row],[VEHICULOS_ACCIDENTADOS]:[VEHICULOS_ACCIDENTADOS2]],"CAMIONETA") -> 1 | W56: =COUNTIF(Tabla1[[#This Row],[VEHICULOS_ACCIDENTADOS]:[VEHICULOS_ACCIDENTADOS2]],"MICROBUS") -> 0 | X56: =COUNTIF(Tabla1[[#This Row],[VEHICULOS_ACCIDENTADOS]:[VEHICULOS_ACCIDENTADOS2]],"BUS") -> 0 | Y56: =COUNTIF(Tabla1[[#This Row],[VEHICULOS_ACCIDENTADOS]:[VEHICULOS_ACCIDENTADOS2]],"BUSETA") -> 0 | Z56: =COUNTIF(Tabla1[[#This Row],[VEHICULOS_ACCIDENTADOS]:[VEHICULOS_ACCIDENTADOS2]],"CAMION") -> 0 | AA56: =COUNTIF(Tabla1[[#This Row],[VEHICULOS_ACCIDENTADOS]:[VEHICULOS_ACCIDENTADOS2]],"TRACTOCAMION") -> 0 | AB56: =COUNTIF(Tabla1[[#This Row],[VEHICULOS_ACCIDENTADOS]:[VEHICULOS_ACCIDENTADOS2]],"VOLQUETA") -> 0 | AC56: =COUNTIF(Tabla1[[#This Row],[VEHICULOS_ACCIDENTADOS]:[VEHICULOS_ACCIDENTADOS2]],"BICICLETA") -> 0 | AD56: MASCULINO | AF56: =COUNTIF(Tabla1[[#This Row],[GENERO_MASCULINO]:[GENERO_FEMENINO]],"MASCULINO") -> 1 | AG56: =COUNTIF(Tabla1[[#This Row],[GENERO_MASCULINO]:[GENERO_FEMENINO]],"FEMENINO") -> 0 | AH56: 28 | AI56: 39 | AN56: 139 | AO56: =IFERROR(((VLOOKUP(Tabla1[[#This Row],[HIPOTESIS_1]],listas!$D$1:$E$105,2,FALSE))),"SIN INFORMACIÓN") -> Impericia en el manejo. | AP56: 157 | AQ56: =IFERROR(((VLOOKUP(Tabla1[[#This Row],[HIPOTESIS_2]],listas!$D$1:$E$105,2,FALSE))),"") -> Otra | AR56: =IF(HOUR(Tabla1[[#This Row],[HORA_ACCIDENTE]])<6,"MAÑANA", IF(HOUR(Tabla1[[#This Row],[HORA_ACCIDENTE]])<12,"MAÑANA", IF(HOUR(Tabla1[[#This Row],[HORA_ACCIDENTE]])<18,"TARDE","NOCHE"))) -> MAÑANA
A57: 144 | B57: 0 | C57: 1 | D57: 0 | E57: =IF(D57>=1,"FALLECIDO",IF(C57>=1,"LESIONADO",IF(B57>=1,"SOLO DAÑO",""))) -> LESIONADO | F57: CARRERA 13 # 24 | G57: 5.333299 | H57: -72.401501 | I57: MOVILIDAD | J57: URBANO | K57: =UPPER(TEXT(M57,"YYYY")) -> 2022 | L57: =UPPER(TEXT(M57,"MMMM")) -> ABRIL | M57: 44674 | N57: =UPPER(TEXT(M57,"DDDD")) -> SÁBADO | O57: 0.77083333 | P57: MOTOCICLETA | Q57: AUTOMOVIL | R57: =COUNTIF(Tabla1[[#This Row],[VEHICULOS_ACCIDENTADOS]:[VEHICULOS_ACCIDENTADOS2]],"MOTOCICLETA") -> 1 | S57: =COUNTIF(Tabla1[[#This Row],[VEHICULOS_ACCIDENTADOS]:[VEHICULOS_ACCIDENTADOS2]],"MOTOCARRO") -> 0 | T57: =COUNTIF(Tabla1[[#This Row],[VEHICULOS_ACCIDENTADOS]:[VEHICULOS_ACCIDENTADOS2]],"AUTOMOVIL") -> 1 | U57: =COUNTIF(Tabla1[[#This Row],[VEHICULOS_ACCIDENTADOS]:[VEHICULOS_ACCIDENTADOS2]],"CAMPERO") -> 0 | V57: =COUNTIF(Tabla1[[#This Row],[VEHICULOS_ACCIDENTADOS]:[VEHICULOS_ACCIDENTADOS2]],"CAMIONETA") -> 0 | W57: =COUNTIF(Tabla1[[#This Row],[VEHICULOS_ACCIDENTADOS]:[VEHICULOS_ACCIDENTADOS2]],"MICROBUS") -> 0 | X57: =COUNTIF(Tabla1[[#This Row],[VEHICULOS_ACCIDENTADOS]:[VEHICULOS_ACCIDENTADOS2]],"BUS") -> 0 | Y57: =COUNTIF(Tabla1[[#This Row],[VEHICULOS_ACCIDENTADOS]:[VEHICULOS_ACCIDENTADOS2]],"BUSETA") -> 0 | Z57: =COUNTIF(Tabla1[[#This Row],[VEHICULOS_ACCIDENTADOS]:[VEHICULOS_ACCIDENTADOS2]],"CAMION") -> 0 | AA57: =COUNTIF(Tabla1[[#This Row],[VEHICULOS_ACCIDENTADOS]:[VEHICULOS_ACCIDENTADOS2]],"TRACTOCAMION") -> 0 | AB57: =COUNTIF(Tabla1[[#This Row],[VEHICULOS_ACCIDENTADOS]:[VEHICULOS_ACCIDENTADOS2]],"VOLQUETA") -> 0 | AC57: =COUNTIF(Tabla1[[#This Row],[VEHICULOS_ACCIDENTADOS]:[VEHICULOS_ACCIDENTADOS2]],"BICICLETA") -> 0 | AD57: MASCULINO | AF57: =COUNTIF(Tabla1[[#This Row],[GENERO_MASCULINO]:[GENERO_FEMENINO]],"MASCULINO") -> 1 | AG57: =COUNTIF(Tabla1[[#This Row],[GENERO_MASCULINO]:[GENERO_FEMENINO]],"FEMENINO") -> 0 | AH57: 20 | AN57: 139 | AO57: =IFERROR(((VLOOKUP(Tabla1[[#This Row],[HIPOTESIS_1]],listas!$D$1:$E$105,2,FALSE))),"SIN INFORMACIÓN") -> Impericia en el manejo. | AP57: 157 | AQ57: =IFERROR(((VLOOKUP(Tabla1[[#This Row],[HIPOTESIS_2]],listas!$D$1:$E$105,2,FALSE))),"") -> Otra | AR57: =IF(HOUR(Tabla1[[#This Row],[HORA_ACCIDENTE]])<6,"MAÑANA", IF(HOUR(Tabla1[[#This Row],[HORA_ACCIDENTE]])<12,"MAÑANA", IF(HOUR(Tabla1[[#This Row],[HORA_ACCIDENTE]])<18,"TARDE","NOCHE"))) -> NOCHE
A58: 339 | B58: 0 | C58: 1 | D58: 0 | E58: =IF(D58>=1,"FALLECIDO",IF(C58>=1,"LESIONADO",IF(B58>=1,"SOLO DAÑO",""))) -> LESIONADO | F58: CARRERA 14 # 30 | G58: 5.3282472 | H58: -72.398072 | I58: MOVILIDAD | J58: URBANO | K58: =UPPER(TEXT(M58,"YYYY")) -> 2022 | L58: =UPPER(TEXT(M58,"MMMM")) -> OCTUBRE | M58: 44856 | N58: =UPPER(TEXT(M58,"DDDD")) -> SÁBADO | O58: 0.9375 | P58: MOTOCICLETA | Q58: MOTOCICLETA | R58: =COUNTIF(Tabla1[[#This Row],[VEHICULOS_ACCIDENTADOS]:[VEHICULOS_ACCIDENTADOS2]],"MOTOCICLETA") -> 2 | S58: =COUNTIF(Tabla1[[#This Row],[VEHICULOS_ACCIDENTADOS]:[VEHICULOS_ACCIDENTADOS2]],"MOTOCARRO") -> 0 | T58: =COUNTIF(Tabla1[[#This Row],[VEHICULOS_ACCIDENTADOS]:[VEHICULOS_ACCIDENTADOS2]],"AUTOMOVIL") -> 0 | U58: =COUNTIF(Tabla1[[#This Row],[VEHICULOS_ACCIDENTADOS]:[VEHICULOS_ACCIDENTADOS2]],"CAMPERO") -> 0 | V58: =COUNTIF(Tabla1[[#This Row],[VEHICULOS_ACCIDENTADOS]:[VEHICULOS_ACCIDENTADOS2]],"CAMIONETA") -> 0 | W58: =COUNTIF(Tabla1[[#This Row],[VEHICULOS_ACCIDENTADOS]:[VEHICULOS_ACCIDENTADOS2]],"MICROBUS") -> 0 | X58: =COUNTIF(Tabla1[[#This Row],[VEHICULOS_ACCIDENTADOS]:[VEHICULOS_ACCIDENTADOS2]],"BUS") -> 0 | Y58: =COUNTIF(Tabla1[[#This Row],[VEHICULOS_ACCIDENTADOS]:[VEHICULOS_ACCIDENTADOS2]],"BUSETA") -> 0 | Z58: =COUNTIF(Tabla1[[#This Row],[VEHICULOS_ACCIDENTADOS]:[VEHICULOS_ACCIDENTADOS2]],"CAMION") -> 0 | AA58: =COUNTIF(Tabla1[[#This Row],[VEHICULOS_ACCIDENTADOS]:[VEHICULOS_ACCIDENTADOS2]],"TRACTOCAMION") -> 0 | AB58: =COUNTIF(Tabla1[[#This Row],[VEHICULOS_ACCIDENTADOS]:[VEHICULOS_ACCIDENTADOS2]],"VOLQUETA") -> 0 | AC58: =COUNTIF(Tabla1[[#This Row],[VEHICULOS_ACCIDENTADOS]:[VEHICULOS_ACCIDENTADOS2]],"BICICLETA") -> 0 | AE58: FEMENINO | AF58: =COUNTIF(Tabla1[[#This Row],[GENERO_MASCULINO]:[GENERO_FEMENINO]],"MASCULINO") -> 0 | AG58: =COUNTIF(Tabla1[[#This Row],[GENERO_MASCULINO]:[GENERO_FEMENINO]],"FEMENINO") -> 1 | AN58: 157 | AO58: =IFERROR(((VLOOKUP(Tabla1[[#This Row],[HIPOTESIS_1]],listas!$D$1:$E$105,2,FALSE))),"SIN INFORMACIÓN") -> Otra | AP58: 157 | AQ58: =IFERROR(((VLOOKUP(Tabla1[[#This Row],[HIPOTESIS_2]],listas!$D$1:$E$105,2,FALSE))),"") -> Otra | AR58: =IF(HOUR(Tabla1[[#This Row],[HORA_ACCIDENTE]])<6,"MAÑANA", IF(HOUR(Tabla1[[#This Row],[HORA_ACCIDENTE]])<12,"MAÑANA", IF(HOUR(Tabla1[[#This Row],[HORA_ACCIDENTE]])<18,"TARDE","NOCHE"))) -> NOCHE
A59: 405 | B59: 0 | C59: 1 | D59: 0 | E59: =IF(D59>=1,"FALLECIDO",IF(C59>=1,"LESIONADO",IF(B59>=1,"SOLO DAÑO",""))) -> LESIONADO | F59: CARRERA 14 # 30 | G59: 5.3282472 | H59: -72.398072 | I59: MOVILIDAD | J59: URBANO | K59: =UPPER(TEXT(M59,"YYYY")) -> 2023 | L59: =UPPER(TEXT(M59,"MMMM")) -> FEBRERO | M59: 44968 | N59: =UPPER(TEXT(M59,"DDDD")) -> SÁBADO | O59: 0.92013889 | P59: MOTOCICLETA | Q59: MOTOCICLETA | R59: =COUNTIF(Tabla1[[#This Row],[VEHICULOS_ACCIDENTADOS]:[VEHICULOS_ACCIDENTADOS2]],"MOTOCICLETA") -> 2 | S59: =COUNTIF(Tabla1[[#This Row],[VEHICULOS_ACCIDENTADOS]:[VEHICULOS_ACCIDENTADOS2]],"MOTOCARRO") -> 0 | T59: =COUNTIF(Tabla1[[#This Row],[VEHICULOS_ACCIDENTADOS]:[VEHICULOS_ACCIDENTADOS2]],"AUTOMOVIL") -> 0 | U59: =COUNTIF(Tabla1[[#This Row],[VEHICULOS_ACCIDENTADOS]:[VEHICULOS_ACCIDENTADOS2]],"CAMPERO") -> 0 | V59: =COUNTIF(Tabla1[[#This Row],[VEHICULOS_ACCIDENTADOS]:[VEHICULOS_ACCIDENTADOS2]],"CAMIONETA") -> 0 | W59: =COUNTIF(Tabla1[[#This Row],[VEHICULOS_ACCIDENTADOS]:[VEHICULOS_ACCIDENTADOS2]],"MICROBUS") -> 0 | X59: =COUNTIF(Tabla1[[#This Row],[VEHICULOS_ACCIDENTADOS]:[VEHICULOS_ACCIDENTADOS2]],"BUS") -> 0 | Y59: =COUNTIF(Tabla1[[#This Row],[VEHICULOS_ACCIDENTADOS]:[VEHICULOS_ACCIDENTADOS2]],"BUSETA") -> 0 | Z59: =COUNTIF(Tabla1[[#This Row],[VEHICULOS_ACCIDENTADOS]:[VEHICULOS_ACCIDENTADOS2]],"CAMION") -> 0 | AA59: =COUNTIF(Tabla1[[#This Row],[VEHICULOS_ACCIDENTADOS]:[VEHICULOS_ACCIDENTADOS2]],"TRACTOCAMION") -> 0 | AB59: =COUNTIF(Tabla1[[#This Row],[VEHICULOS_ACCIDENTADOS]:[VEHICULOS_ACCIDENTADOS2]],"VOLQUETA") -> 0 | AC59: =COUNTIF(Tabla1[[#This Row],[VEHICULOS_ACCIDENTADOS]:[VEHICULOS_ACCIDENTADOS2]],"BICICLETA") -> 0 | AE59: FEMENINO | AF59: =COUNTIF(Tabla1[[#This Row],[GENERO_MASCULINO]:[GENERO_FEMENINO]],"MASCULINO") -> 0 | AG59: =COUNTIF(Tabla1[[#This Row],[GENERO_MASCULINO]:[GENERO_FEMENINO]],"FEMENINO") -> 1 | AH59: 47 | AN59: 157 | AO59: =IFERROR(((VLOOKUP(Tabla1[[#This Row],[HIPOTESIS_1]],listas!$D$1:$E$105,2,FALSE))),"SIN INFORMACIÓN") -> Otra | AP59: 157 | AQ59: =IFERROR(((VLOOKUP(Tabla1[[#This Row],[HIPOTESIS_2]],listas!$D$1:$E$105,2,FALSE))),"") -> Otra | AR59: =IF(HOUR(Tabla1[[#This Row],[HORA_ACCIDENTE]])<6,"MAÑANA", IF(HOUR(Tabla1[[#This Row],[HORA_ACCIDENTE]])<12,"MAÑANA", IF(HOUR(Tabla1[[#This Row],[HORA_ACCIDENTE]])<18,"TARDE","NOCHE"))) -> NOCHE
A60: 1058 | B60: 0 | C60: 2 | D60: 0 | E60: =IF(D60>=1,"FALLECIDO",IF(C60>=1,"LESIONADO",IF(B60>=1,"SOLO DAÑO",""))) -> LESIONADO | F60: CARRERA 14 # 40 | G60: 5.318647 | H60: -72.396233 | I60: MOVILIDAD | J60: URBANO | K60: =UPPER(TEXT(M60,"YYYY")) -> 2025 | L60: =UPPER(TEXT(M60,"MMMM")) -> SEPTIEMBRE | M60: 45906 | N60: =UPPER(TEXT(M60,"DDDD")) -> SÁBADO | O60: 0.88958333 | P60: MOTOCICLETA | Q60: MOTOCICLETA | R60: =COUNTIF(Tabla1[[#This Row],[VEHICULOS_ACCIDENTADOS]:[VEHICULOS_ACCIDENTADOS2]],"MOTOCICLETA") -> 2 | S60: =COUNTIF(Tabla1[[#This Row],[VEHICULOS_ACCIDENTADOS]:[VEHICULOS_ACCIDENTADOS2]],"MOTOCARRO") -> 0 | T60: =COUNTIF(Tabla1[[#This Row],[VEHICULOS_ACCIDENTADOS]:[VEHICULOS_ACCIDENTADOS2]],"AUTOMOVIL") -> 0 | U60: =COUNTIF(Tabla1[[#This Row],[VEHICULOS_ACCIDENTADOS]:[VEHICULOS_ACCIDENTADOS2]],"CAMPERO") -> 0 | V60: =COUNTIF(Tabla1[[#This Row],[VEHICULOS_ACCIDENTADOS]:[VEHICULOS_ACCIDENTADOS2]],"CAMIONETA") -> 0 | W60: =COUNTIF(Tabla1[[#This Row],[VEHICULOS_ACCIDENTADOS]:[VEHICULOS_ACCIDENTADOS2]],"MICROBUS") -> 0 | X60: =COUNTIF(Tabla1[[#This Row],[VEHICULOS_ACCIDENTADOS]:[VEHICULOS_ACCIDENTADOS2]],"BUS") -> 0 | Y60: =COUNTIF(Tabla1[[#This Row],[VEHICULOS_ACCIDENTADOS]:[VEHICULOS_ACCIDENTADOS2]],"BUSETA") -> 0 | Z60: =COUNTIF(Tabla1[[#This Row],[VEHICULOS_ACCIDENTADOS]:[VEHICULOS_ACCIDENTADOS2]],"CAMION") -> 0 | AA60: =COUNTIF(Tabla1[[#This Row],[VEHICULOS_ACCIDENTADOS]:[VEHICULOS_ACCIDENTADOS2]],"TRACTOCAMION") -> 0 | AB60: =COUNTIF(Tabla1[[#This Row],[VEHICULOS_ACCIDENTADOS]:[VEHICULOS_ACCIDENTADOS2]],"VOLQUETA") -> 0 | AC60: =COUNTIF(Tabla1[[#This Row],[VEHICULOS_ACCIDENTADOS]:[VEHICULOS_ACCIDENTADOS2]],"BICICLETA") -> 0 | AD60: MASCULINO | AE60: FEMENINO | AF60: =COUNTIF(Tabla1[[#This Row],[GENERO_MASCULINO]:[GENERO_FEMENINO]],"MASCULINO") -> 1 | AG60: =COUNTIF(Tabla1[[#This Row],[GENERO_MASCULINO]:[GENERO_FEMENINO]],"FEMENINO") -> 1 | AH60: 27 | AI60: 24 | AN60: 139 | AO60: =IFERROR(((VLOOKUP(Tabla1[[#This Row],[HIPOTESIS_1]],listas!$D$1:$E$105,2,FALSE))),"SIN INFORMACIÓN") -> Impericia en el manejo. | AP60: 157 | AQ60: =IFERROR(((VLOOKUP(Tabla1[[#This Row],[HIPOTESIS_2]],listas!$D$1:$E$105,2,FALSE))),"") -> Otra | AR60: =IF(HOUR(Tabla1[[#This Row],[HORA_ACCIDENTE]])<6,"MAÑANA", IF(HOUR(Tabla1[[#This Row],[HORA_ACCIDENTE]])<12,"MAÑANA", IF(HOUR(Tabla1[[#This Row],[HORA_ACCIDENTE]])<18,"TARDE","NOCHE"))) -> NOCHE
A61: 949 | B61: 1 | C61: 0 | D61: 0 | E61: =IF(D61>=1,"FALLECIDO",IF(C61>=1,"LESIONADO",IF(B61>=1,"SOLO DAÑO",""))) -> SOLO DAÑO | F61: CARRERA 14 CALLE 30 | G61: 5.3282472 | H61: -72.398072 | I61: MOVILIDAD | J61: URBANO | K61: =UPPER(TEXT(M61,"YYYY")) -> 2025 | L61: =UPPER(TEXT(M61,"MMMM")) -> ABRIL | M61: 45759 | N61: =UPPER(TEXT(M61,"DDDD")) -> SÁBADO | O61: 0.70833333 | P61: MOTOCICLETA | Q61: CAMIONETA | R61: =COUNTIF(Tabla1[[#This Row],[VEHICULOS_ACCIDENTADOS]:[VEHICULOS_ACCIDENTADOS2]],"MOTOCICLETA") -> 1 | S61: =COUNTIF(Tabla1[[#This Row],[VEHICULOS_ACCIDENTADOS]:[VEHICULOS_ACCIDENTADOS2]],"MOTOCARRO") -> 0 | T61: =COUNTIF(Tabla1[[#This Row],[VEHICULOS_ACCIDENTADOS]:[VEHICULOS_ACCIDENTADOS2]],"AUTOMOVIL") -> 0 | U61: =COUNTIF(Tabla1[[#This Row],[VEHICULOS_ACCIDENTADOS]:[VEHICULOS_ACCIDENTADOS2]],"CAMPERO") -> 0 | V61: =COUNTIF(Tabla1[[#This Row],[VEHICULOS_ACCIDENTADOS]:[VEHICULOS_ACCIDENTADOS2]],"CAMIONETA") -> 1 | W61: =COUNTIF(Tabla1[[#This Row],[VEHICULOS_ACCIDENTADOS]:[VEHICULOS_ACCIDENTADOS2]],"MICROBUS") -> 0 | X61: =COUNTIF(Tabla1[[#This Row],[VEHICULOS_ACCIDENTADOS]:[VEHICULOS_ACCIDENTADOS2]],"BUS") -> 0 | Y61: =COUNTIF(Tabla1[[#This Row],[VEHICULOS_ACCIDENTADOS]:[VEHICULOS_ACCIDENTADOS2]],"BUSETA") -> 0 | Z61: =COUNTIF(Tabla1[[#This Row],[VEHICULOS_ACCIDENTADOS]:[VEHICULOS_ACCIDENTADOS2]],"CAMION") -> 0 | AA61: =COUNTIF(Tabla1[[#This Row],[VEHICULOS_ACCIDENTADOS]:[VEHICULOS_ACCIDENTADOS2]],"TRACTOCAMION") -> 0 | AB61: =COUNTIF(Tabla1[[#This Row],[VEHICULOS_ACCIDENTADOS]:[VEHICULOS_ACCIDENTADOS2]],"VOLQUETA") -> 0 | AC61: =COUNTIF(Tabla1[[#This Row],[VEHICULOS_ACCIDENTADOS]:[VEHICULOS_ACCIDENTADOS2]],"BICICLETA") -> 0 | AD61: FEMENINO | AE61: MASCULINO | AF61: =COUNTIF(Tabla1[[#This Row],[GENERO_MASCULINO]:[GENERO_FEMENINO]],"MASCULINO") -> 1 | AG61: =COUNTIF(Tabla1[[#This Row],[GENERO_MASCULINO]:[GENERO_FEMENINO]],"FEMENINO") -> 1 | AH61: 22 | AI61: 41 | AN61: 114 | AO61: =IFERROR(((VLOOKUP(Tabla1[[#This Row],[HIPOTESIS_1]],listas!$D$1:$E$105,2,FALSE))),"SIN INFORMACIÓN") -> Embriaguez aparente. | AP61: 157 | AQ61: =IFERROR(((VLOOKUP(Tabla1[[#This Row],[HIPOTESIS_2]],listas!$D$1:$E$105,2,FALSE))),"") -> Otra | AR61: =IF(HOUR(Tabla1[[#This Row],[HORA_ACCIDENTE]])<6,"MAÑANA", IF(HOUR(Tabla1[[#This Row],[HORA_ACCIDENTE]])<12,"MAÑANA", IF(HOUR(Tabla1[[#This Row],[HORA_ACCIDENTE]])<18,"TARDE","NOCHE"))) -> TARDE
A62: 343 | B62: 0 | C62: 2 | D62: 0 | E62: =IF(D62>=1,"FALLECIDO",IF(C62>=1,"LESIONADO",IF(B62>=1,"SOLO DAÑO",""))) -> LESIONADO | F62: CARRERA 17 CALLE 17 | G62: 5.340075 | H62: -72.399369 | I62: MOVILIDAD | J62: URBANO | K62: =UPPER(TEXT(M62,"YYYY")) -> 2022 | L62: =UPPER(TEXT(M62,"MMMM")) -> OCTUBRE | M62: 44864 | N62: =UPPER(TEXT(M62,"DDDD")) -> DOMINGO | O62: 0.92708333 | P62: MOTOCICLETA | Q62: AUTOMOVIL | R62: =COUNTIF(Tabla1[[#This Row],[VEHICULOS_ACCIDENTADOS]:[VEHICULOS_ACCIDENTADOS2]],"MOTOCICLETA") -> 1 | S62: =COUNTIF(Tabla1[[#This Row],[VEHICULOS_ACCIDENTADOS]:[VEHICULOS_ACCIDENTADOS2]],"MOTOCARRO") -> 0 | T62: =COUNTIF(Tabla1[[#This Row],[VEHICULOS_ACCIDENTADOS]:[VEHICULOS_ACCIDENTADOS2]],"AUTOMOVIL") -> 1 | U62: =COUNTIF(Tabla1[[#This Row],[VEHICULOS_ACCIDENTADOS]:[VEHICULOS_ACCIDENTADOS2]],"CAMPERO") -> 0 | V62: =COUNTIF(Tabla1[[#This Row],[VEHICULOS_ACCIDENTADOS]:[VEHICULOS_ACCIDENTADOS2]],"CAMIONETA") -> 0 | W62: =COUNTIF(Tabla1[[#This Row],[VEHICULOS_ACCIDENTADOS]:[VEHICULOS_ACCIDENTADOS2]],"MICROBUS") -> 0 | X62: =COUNTIF(Tabla1[[#This Row],[VEHICULOS_ACCIDENTADOS]:[VEHICULOS_ACCIDENTADOS2]],"BUS") -> 0 | Y62: =COUNTIF(Tabla1[[#This Row],[VEHICULOS_ACCIDENTADOS]:[VEHICULOS_ACCIDENTADOS2]],"BUSETA") -> 0 | Z62: =COUNTIF(Tabla1[[#This Row],[VEHICULOS_ACCIDENTADOS]:[VEHICULOS_ACCIDENTADOS2]],"CAMION") -> 0 | AA62: =COUNTIF(Tabla1[[#This Row],[VEHICULOS_ACCIDENTADOS]:[VEHICULOS_ACCIDENTADOS2]],"TRACTOCAMION") -> 0 | AB62: =COUNTIF(Tabla1[[#This Row],[VEHICULOS_ACCIDENTADOS]:[VEHICULOS_ACCIDENTADOS2]],"VOLQUETA") -> 0 | AC62: =COUNTIF(Tabla1[[#This Row],[VEHICULOS_ACCIDENTADOS]:[VEHICULOS_ACCIDENTADOS2]],"BICICLETA") -> 0 | AE62: FEMENINO | AF62: =COUNTIF(Tabla1[[#This Row],[GENERO_MASCULINO]:[GENERO_FEMENINO]],"MASCULINO") -> 0 | AG62: =COUNTIF(Tabla1[[#This Row],[GENERO_MASCULINO]:[GENERO_FEMENINO]],"FEMENINO") -> 1 | AH62: 22 | AL62: 0.9 | AN62: 112 | AO62: =IFERROR(((VLOOKUP(Tabla1[[#This Row],[HIPOTESIS_1]],listas!$D$1:$E$105,2,FALSE))),"SIN INFORMACIÓN") -> Desobedecer señales o normas de tránsito. | AP62: 157 | AQ62: =IFERROR(((VLOOKUP(Tabla1[[#This Row],[HIPOTESIS_2]],listas!$D$1:$E$105,2,FALSE))),"") -> Otra | AR62: =IF(HOUR(Tabla1[[#This Row],[HORA_ACCIDENTE]])<6,"MAÑANA", IF(HOUR(Tabla1[[#This Row],[HORA_ACCIDENTE]])<12,"MAÑANA", IF(HOUR(Tabla1[[#This Row],[HORA_ACCIDENTE]])<18,"TARDE","NOCHE"))) -> NOCHE
A63: 298 | B63: 0 | C63: 5 | D63: 0 | E63: =IF(D63>=1,"FALLECIDO",IF(C63>=1,"LESIONADO",IF(B63>=1,"SOLO DAÑO",""))) -> LESIONADO | F63: CARRERA 18 # 33 | G63: 5.3276231 | H63: -72.391824 | I63: MOVILIDAD | J63: URBANO | K63: =UPPER(TEXT(M63,"YYYY")) -> 2022 | L63: =UPPER(TEXT(M63,"MMMM")) -> SEPTIEMBRE | M63: 44809 | N63: =UPPER(TEXT(M63,"DDDD")) -> LUNES | O63: 0.74305556 | P63: MOTOCICLETA | Q63: AUTOMOVIL | R63: =COUNTIF(Tabla1[[#This Row],[VEHICULOS_ACCIDENTADOS]:[VEHICULOS_ACCIDENTADOS2]],"MOTOCICLETA") -> 1 | S63: =COUNTIF(Tabla1[[#This Row],[VEHICULOS_ACCIDENTADOS]:[VEHICULOS_ACCIDENTADOS2]],"MOTOCARRO") -> 0 | T63: =COUNTIF(Tabla1[[#This Row],[VEHICULOS_ACCIDENTADOS]:[VEHICULOS_ACCIDENTADOS2]],"AUTOMOVIL") -> 1 | U63: =COUNTIF(Tabla1[[#This Row],[VEHICULOS_ACCIDENTADOS]:[VEHICULOS_ACCIDENTADOS2]],"CAMPERO") -> 0 | V63: =COUNTIF(Tabla1[[#This Row],[VEHICULOS_ACCIDENTADOS]:[VEHICULOS_ACCIDENTADOS2]],"CAMIONETA") -> 0 | W63: =COUNTIF(Tabla1[[#This Row],[VEHICULOS_ACCIDENTADOS]:[VEHICULOS_ACCIDENTADOS2]],"MICROBUS") -> 0 | X63: =COUNTIF(Tabla1[[#This Row],[VEHICULOS_ACCIDENTADOS]:[VEHICULOS_ACCIDENTADOS2]],"BUS") -> 0 | Y63: =COUNTIF(Tabla1[[#This Row],[VEHICULOS_ACCIDENTADOS]:[VEHICULOS_ACCIDENTADOS2]],"BUSETA") -> 0 | Z63: =COUNTIF(Tabla1[[#This Row],[VEHICULOS_ACCIDENTADOS]:[VEHICULOS_ACCIDENTADOS2]],"CAMION") -> 0 | AA63: =COUNTIF(Tabla1[[#This Row],[VEHICULOS_ACCIDENTADOS]:[VEHICULOS_ACCIDENTADOS2]],"TRACTOCAMION") -> 0 | AB63: =COUNTIF(Tabla1[[#This Row],[VEHICULOS_ACCIDENTADOS]:[VEHICULOS_ACCIDENTADOS2]],"VOLQUETA") -> 0 | AC63: =COUNTIF(Tabla1[[#This Row],[VEHICULOS_ACCIDENTADOS]:[VEHICULOS_ACCIDENTADOS2]],"BICICLETA") -> 0 | AD63: MASCULINO | AE63: FEMENINO | AF63: =COUNTIF(Tabla1[[#This Row],[GENERO_MASCULINO]:[GENERO_FEMENINO]],"MASCULINO") -> 1 | AG63: =COUNTIF(Tabla1[[#This Row],[GENERO_MASCULINO]:[GENERO_FEMENINO]],"FEMENINO") -> 1 | AH63: 23 | AK63: 21 | AN63: 139 | AO63: =IFERROR(((VLOOKUP(Tabla1[[#This Row],[HIPOTESIS_1]],listas!$D$1:$E$105,2,FALSE))),"SIN INFORMACIÓN") -> Impericia en el manejo. | AP63: 157 | AQ63: =IFERROR(((VLOOKUP(Tabla1[[#This Row],[HIPOTESIS_2]],listas!$D$1:$E$105,2,FALSE))),"") -> Otra | AR63: =IF(HOUR(Tabla1[[#This Row],[HORA_ACCIDENTE]])<6,"MAÑANA", IF(HOUR(Tabla1[[#This Row],[HORA_ACCIDENTE]])<12,"MAÑANA", IF(HOUR(Tabla1[[#This Row],[HORA_ACCIDENTE]])<18,"TARDE","NOCHE"))) -> TARDE
A64: 325 | B64: 0 | C64: 1 | D64: 0 | E64: =IF(D64>=1,"FALLECIDO",IF(C64>=1,"LESIONADO",IF(B64>=1,"SOLO DAÑO",""))) -> LESIONADO | F64: CARRERA 19 # 25A-25 | G64: 5.3341278 | H64: -72.394178 | I64: MOVILIDAD | J64: URBANO | K64: =UPPER(TEXT(M64,"YYYY")) -> 2022 | L64: =UPPER(TEXT(M64,"MMMM")) -> OCTUBRE | M64: 44839 | N64: =UPPER(TEXT(M64,"DDDD")) -> MIÉRCOLES | O64: 0.58333333 | P64: MOTOCICLETA | Q64: AUTOMOVIL | R64: =COUNTIF(Tabla1[[#This Row],[VEHICULOS_ACCIDENTADOS]:[VEHICULOS_ACCIDENTADOS2]],"MOTOCICLETA") -> 1 | S64: =COUNTIF(Tabla1[[#This Row],[VEHICULOS_ACCIDENTADOS]:[VEHICULOS_ACCIDENTADOS2]],"MOTOCARRO") -> 0 | T64: =COUNTIF(Tabla1[[#This Row],[VEHICULOS_ACCIDENTADOS]:[VEHICULOS_ACCIDENTADOS2]],"AUTOMOVIL") -> 1 | U64: =COUNTIF(Tabla1[[#This Row],[VEHICULOS_ACCIDENTADOS]:[VEHICULOS_ACCIDENTADOS2]],"CAMPERO") -> 0 | V64: =COUNTIF(Tabla1[[#This Row],[VEHICULOS_ACCIDENTADOS]:[VEHICULOS_ACCIDENTADOS2]],"CAMIONETA") -> 0 | W64: =COUNTIF(Tabla1[[#This Row],[VEHICULOS_ACCIDENTADOS]:[VEHICULOS_ACCIDENTADOS2]],"MICROBUS") -> 0 | X64: =COUNTIF(Tabla1[[#This Row],[VEHICULOS_ACCIDENTADOS]:[VEHICULOS_ACCIDENTADOS2]],"BUS") -> 0 | Y64: =COUNTIF(Tabla1[[#This Row],[VEHICULOS_ACCIDENTADOS]:[VEHICULOS_ACCIDENTADOS2]],"BUSETA") -> 0 | Z64: =COUNTIF(Tabla1[[#This Row],[VEHICULOS_ACCIDENTADOS]:[VEHICULOS_ACCIDENTADOS2]],"CAMION") -> 0 | AA64: =COUNTIF(Tabla1[[#This Row],[VEHICULOS_ACCIDENTADOS]:[VEHICULOS_ACCIDENTADOS2]],"TRACTOCAMION") -> 0 | AB64: =COUNTIF(Tabla1[[#This Row],[VEHICULOS_ACCIDENTADOS]:[VEHICULOS_ACCIDENTADOS2]],"VOLQUETA") -> 0 | AC64: =COUNTIF(Tabla1[[#This Row],[VEHICULOS_ACCIDENTADOS]:[VEHICULOS_ACCIDENTADOS2]],"BICICLETA") -> 0 | AD64: MASCULINO | AF64: =COUNTIF(Tabla1[[#This Row],[GENERO_MASCULINO]:[GENERO_FEMENINO]],"MASCULINO") -> 1 | AG64: =COUNTIF(Tabla1[[#This Row],[GENERO_MASCULINO]:[GENERO_FEMENINO]],"FEMENINO") -> 0 | AH64: 22 | AN64: 123 | AO64: =IFERROR(((VLOOKUP(Tabla1[[#This Row],[HIPOTESIS_1]],listas!$D$1:$E$105,2,FALSE))),"SIN INFORMACIÓN") -> No respetar prelación de intersecciones o giros. | AP64: 157 | AQ64: =IFERROR(((VLOOKUP(Tabla1[[#This Row],[HIPOTESIS_2]],listas!$D$1:$E$105,2,FALSE))),"") -> Otra | AR64: =IF(HOUR(Tabla1[[#This Row],[HORA_ACCIDENTE]])<6,"MAÑANA", IF(HOUR(Tabla1[[#This Row],[HORA_ACCIDENTE]])<12,"MAÑANA", IF(HOUR(Tabla1[[#This Row],[HORA_ACCIDENTE]])<18,"TARDE","NOCHE"))) -> TARDE
A65: 666 | B65: 0 | C65: 2 | D65: 0 | E65: =IF(D65>=1,"FALLECIDO",IF(C65>=1,"LESIONADO",IF(B65>=1,"SOLO DAÑO",""))) -> LESIONADO | F65: CARRERA 19 CALLE 36 | G65: 5.3257 | H65: -72.389656 | I65: MOVILIDAD | J65: URBANO | K65: =UPPER(TEXT(M65,"YYYY")) -> 2024 | L65: =UPPER(TEXT(M65,"MMMM")) -> FEBRERO | M65: 45343 | N65: =UPPER(TEXT(M65,"DDDD")) -> MIÉRCOLES | O65: 0.4375 | P65: MOTOCICLETA | Q65: MOTOCICLETA | R65: =COUNTIF(Tabla1[[#This Row],[VEHICULOS_ACCIDENTADOS]:[VEHICULOS_ACCIDENTADOS2]],"MOTOCICLETA") -> 2 | S65: =COUNTIF(Tabla1[[#This Row],[VEHICULOS_ACCIDENTADOS]:[VEHICULOS_ACCIDENTADOS2]],"MOTOCARRO") -> 0 | T65: =COUNTIF(Tabla1[[#This Row],[VEHICULOS_ACCIDENTADOS]:[VEHICULOS_ACCIDENTADOS2]],"AUTOMOVIL") -> 0 | U65: =COUNTIF(Tabla1[[#This Row],[VEHICULOS_ACCIDENTADOS]:[VEHICULOS_ACCIDENTADOS2]],"CAMPERO") -> 0 | V65: =COUNTIF(Tabla1[[#This Row],[VEHICULOS_ACCIDENTADOS]:[VEHICULOS_ACCIDENTADOS2]],"CAMIONETA") -> 0 | W65: =COUNTIF(Tabla1[[#This Row],[VEHICULOS_ACCIDENTADOS]:[VEHICULOS_ACCIDENTADOS2]],"MICROBUS") -> 0 | X65: =COUNTIF(Tabla1[[#This Row],[VEHICULOS_ACCIDENTADOS]:[VEHICULOS_ACCIDENTADOS2]],"BUS") -> 0 | Y65: =COUNTIF(Tabla1[[#This Row],[VEHICULOS_ACCIDENTADOS]:[VEHICULOS_ACCIDENTADOS2]],"BUSETA") -> 0 | Z65: =COUNTIF(Tabla1[[#This Row],[VEHICULOS_ACCIDENTADOS]:[VEHICULOS_ACCIDENTADOS2]],"CAMION") -> 0 | AA65: =COUNTIF(Tabla1[[#This Row],[VEHICULOS_ACCIDENTADOS]:[VEHICULOS_ACCIDENTADOS2]],"TRACTOCAMION") -> 0 | AB65: =COUNTIF(Tabla1[[#This Row],[VEHICULOS_ACCIDENTADOS]:[VEHICULOS_ACCIDENTADOS2]],"VOLQUETA") -> 0 | AC65: =COUNTIF(Tabla1[[#This Row],[VEHICULOS_ACCIDENTADOS]:[VEHICULOS_ACCIDENTADOS2]],"BICICLETA") -> 0 | AD65: MASCULINO | AF65: =COUNTIF(Tabla1[[#This Row],[GENERO_MASCULINO]:[GENERO_FEMENINO]],"MASCULINO") -> 1 | AG65: =COUNTIF(Tabla1[[#This Row],[GENERO_MASCULINO]:[GENERO_FEMENINO]],"FEMENINO") -> 0 | AH65: 56 | AI65: 18 | AN65: 112 | AO65: =IFERROR(((VLOOKUP(Tabla1[[#This Row],[HIPOTESIS_1]],listas!$D$1:$E$105,2,FALSE))),"SIN INFORMACIÓN") -> Desobedecer señales o normas de tránsito. | AP65: 157 | AQ65: =IFERROR(((VLOOKUP(Tabla1[[#This Row],[HIPOTESIS_2]],listas!$D$1:$E$105,2,FALSE))),"") -> Otra | AR65: =IF(HOUR(Tabla1[[#This Row],[HORA_ACCIDENTE]])<6,"MAÑANA", IF(HOUR(Tabla1[[#This Row],[HORA_ACCIDENTE]])<12,"MAÑANA", IF(HOUR(Tabla1[[#This Row],[HORA_ACCIDENTE]])<18,"TARDE","NOCHE"))) -> MAÑANA
A66: 983 | B66: 0 | C66: 1 | D66: 0 | E66: =IF(D66>=1,"FALLECIDO",IF(C66>=1,"LESIONADO",IF(B66>=1,"SOLO DAÑO",""))) -> LESIONADO | F66: CARRERA 19 # 30 | G66: 5.330438 | H66: -72.392251 | I66: MOVILIDAD | J66: URBANO | K66: =UPPER(TEXT(M66,"YYYY")) -> 2025 | L66: =UPPER(TEXT(M66,"MMMM")) -> JUNIO | M66: 45816 | N66: =UPPER(TEXT(M66,"DDDD")) -> DOMINGO | O66: 0.77083333 | P66: MOTOCICLETA | Q66: AUTOMOVIL | R66: =COUNTIF(Tabla1[[#This Row],[VEHICULOS_ACCIDENTADOS]:[VEHICULOS_ACCIDENTADOS2]],"MOTOCICLETA") -> 1 | S66: =COUNTIF(Tabla1[[#This Row],[VEHICULOS_ACCIDENTADOS]:[VEHICULOS_ACCIDENTADOS2]],"MOTOCARRO") -> 0 | T66: =COUNTIF(Tabla1[[#This Row],[VEHICULOS_ACCIDENTADOS]:[VEHICULOS_ACCIDENTADOS2]],"AUTOMOVIL") -> 1 | U66: =COUNTIF(Tabla1[[#This Row],[VEHICULOS_ACCIDENTADOS]:[VEHICULOS_ACCIDENTADOS2]],"CAMPERO") -> 0 | V66: =COUNTIF(Tabla1[[#This Row],[VEHICULOS_ACCIDENTADOS]:[VEHICULOS_ACCIDENTADOS2]],"CAMIONETA") -> 0 | W66: =COUNTIF(Tabla1[[#This Row],[VEHICULOS_ACCIDENTADOS]:[VEHICULOS_ACCIDENTADOS2]],"MICROBUS") -> 0 | X66: =COUNTIF(Tabla1[[#This Row],[VEHICULOS_ACCIDENTADOS]:[VEHICULOS_ACCIDENTADOS2]],"BUS") -> 0 | Y66: =COUNTIF(Tabla1[[#This Row],[VEHICULOS_ACCIDENTADOS]:[VEHICULOS_ACCIDENTADOS2]],"BUSETA") -> 0 | Z66: =COUNTIF(Tabla1[[#This Row],[VEHICULOS_ACCIDENTADOS]:[VEHICULOS_ACCIDENTADOS2]],"CAMION") -> 0 | AA66: =COUNTIF(Tabla1[[#This Row],[VEHICULOS_ACCIDENTADOS]:[VEHICULOS_ACCIDENTADOS2]],"TRACTOCAMION") -> 0 | AB66: =COUNTIF(Tabla1[[#This Row],[VEHICULOS_ACCIDENTADOS]:[VEHICULOS_ACCIDENTADOS2]],"VOLQUETA") -> 0 | AC66: =COUNTIF(Tabla1[[#This Row],[VEHICULOS_ACCIDENTADOS]:[VEHICULOS_ACCIDENTADOS2]],"BICICLETA") -> 0 | AD66: MASCULINO | AE66: MASCULINO | AF66: =COUNTIF(Tabla1[[#This Row],[GENERO_MASCULINO]:[GENERO_FEMENINO]],"MASCULINO") -> 2 | AG66: =COUNTIF(Tabla1[[#This Row],[GENERO_MASCULINO]:[GENERO_FEMENINO]],"FEMENINO") -> 0 | AH66: 32 | AI66: 36 | AN66: 139 | AO66: =IFERROR(((VLOOKUP(Tabla1[[#This Row],[HIPOTESIS_1]],listas!$D$1:$E$105,2,FALSE))),"SIN INFORMACIÓN") -> Impericia en el manejo. | AP66: 157 | AQ66: =IFERROR(((VLOOKUP(Tabla1[[#This Row],[HIPOTESIS_2]],listas!$D$1:$E$105,2,FALSE))),"") -> Otra | AR66: =IF(HOUR(Tabla1[[#This Row],[HORA_ACCIDENTE]])<6,"MAÑANA", IF(HOUR(Tabla1[[#This Row],[HORA_ACCIDENTE]])<12,"MAÑANA", IF(HOUR(Tabla1[[#This Row],[HORA_ACCIDENTE]])<18,"TARDE","NOCHE"))) -> NOCHE
A67: 108 | B67: 0 | C67: 1 | D67: 0 | E67: =IF(D67>=1,"FALLECIDO",IF(C67>=1,"LESIONADO",IF(B67>=1,"SOLO DAÑO",""))) -> LESIONADO | F67: CARRERA 19 # 30 | G67: 5.3304389 | H67: -72.392242 | I67: MOVILIDAD | J67: URBANO | K67: =UPPER(TEXT(M67,"YYYY")) -> 2022 | L67: =UPPER(TEXT(M67,"MMMM")) -> MARZO | M67: 44651 | N67: =UPPER(TEXT(M67,"DDDD")) -> JUEVES | O67: 0.58333333 | P67: MOTOCICLETA | Q67: CAMIONETA | R67: =COUNTIF(Tabla1[[#This Row],[VEHICULOS_ACCIDENTADOS]:[VEHICULOS_ACCIDENTADOS2]],"MOTOCICLETA") -> 1 | S67: =COUNTIF(Tabla1[[#This Row],[VEHICULOS_ACCIDENTADOS]:[VEHICULOS_ACCIDENTADOS2]],"MOTOCARRO") -> 0 | T67: =COUNTIF(Tabla1[[#This Row],[VEHICULOS_ACCIDENTADOS]:[VEHICULOS_ACCIDENTADOS2]],"AUTOMOVIL") -> 0 | U67: =COUNTIF(Tabla1[[#This Row],[VEHICULOS_ACCIDENTADOS]:[VEHICULOS_ACCIDENTADOS2]],"CAMPERO") -> 0 | V67: =COUNTIF(Tabla1[[#This Row],[VEHICULOS_ACCIDENTADOS]:[VEHICULOS_ACCIDENTADOS2]],"CAMIONETA") -> 1 | W67: =COUNTIF(Tabla1[[#This Row],[VEHICULOS_ACCIDENTADOS]:[VEHICULOS_ACCIDENTADOS2]],"MICROBUS") -> 0 | X67: =COUNTIF(Tabla1[[#This Row],[VEHICULOS_ACCIDENTADOS]:[VEHICULOS_ACCIDENTADOS2]],"BUS") -> 0 | Y67: =COUNTIF(Tabla1[[#This Row],[VEHICULOS_ACCIDENTADOS]:[VEHICULOS_ACCIDENTADOS2]],"BUSETA") -> 0 | Z67: =COUNTIF(Tabla1[[#This Row],[VEHICULOS_ACCIDENTADOS]:[VEHICULOS_ACCIDENTADOS2]],"CAMION") -> 0 | AA67: =COUNTIF(Tabla1[[#This Row],[VEHICULOS_ACCIDENTADOS]:[VEHICULOS_ACCIDENTADOS2]],"TRACTOCAMION") -> 0 | AB67: =COUNTIF(Tabla1[[#This Row],[VEHICULOS_ACCIDENTADOS]:[VEHICULOS_ACCIDENTADOS2]],"VOLQUETA") -> 0 | AC67: =COUNTIF(Tabla1[[#This Row],[VEHICULOS_ACCIDENTADOS]:[VEHICULOS_ACCIDENTADOS2]],"BICICLETA") -> 0 | AD67: MASCULINO | AF67: =COUNTIF(Tabla1[[#This Row],[GENERO_MASCULINO]:[GENERO_FEMENINO]],"MASCULINO") -> 1 | AG67: =COUNTIF(Tabla1[[#This Row],[GENERO_MASCULINO]:[GENERO_FEMENINO]],"FEMENINO") -> 0 | AH67: 28 | AN67: 112 | AO67: =IFERROR(((VLOOKUP(Tabla1[[#This Row],[HIPOTESIS_1]],listas!$D$1:$E$105,2,FALSE))),"SIN INFORMACIÓN") -> Desobedecer señales o normas de tránsito. | AP67: 157 | AQ67: =IFERROR(((VLOOKUP(Tabla1[[#This Row],[HIPOTESIS_2]],listas!$D$1:$E$105,2,FALSE))),"") -> Otra | AR67: =IF(HOUR(Tabla1[[#This Row],[HORA_ACCIDENTE]])<6,"MAÑANA", IF(HOUR(Tabla1[[#This Row],[HORA_ACCIDENTE]])<12,"MAÑANA", IF(HOUR(Tabla1[[#This Row],[HORA_ACCIDENTE]])<18,"TARDE","NOCHE"))) -> TARDE
A68: 617 | B68: 0 | C68: 3 | D68: 0 | E68: =IF(D68>=1,"FALLECIDO",IF(C68>=1,"LESIONADO",IF(B68>=1,"SOLO DAÑO",""))) -> LESIONADO | F68: CARRERA 19 # CALLE 24 | G68: 5.3352464 | H68: -72.394839 | I68: MOVILIDAD | J68: URBANO | K68: =UPPER(TEXT(M68,"YYYY")) -> 2023 | L68: =UPPER(TEXT(M68,"MMMM")) -> NOVIEMBRE | M68: 45251 | N68: =UPPER(TEXT(M68,"DDDD")) -> MARTES | O68: 0.88888889 | P68: MOTOCICLETA | Q68: MOTOCICLETA | R68: =COUNTIF(Tabla1[[#This Row],[VEHICULOS_ACCIDENTADOS]:[VEHICULOS_ACCIDENTADOS2]],"MOTOCICLETA") -> 2 | S68: =COUNTIF(Tabla1[[#This Row],[VEHICULOS_ACCIDENTADOS]:[VEHICULOS_ACCIDENTADOS2]],"MOTOCARRO") -> 0 | T68: =COUNTIF(Tabla1[[#This Row],[VEHICULOS_ACCIDENTADOS]:[VEHICULOS_ACCIDENTADOS2]],"AUTOMOVIL") -> 0 | U68: =COUNTIF(Tabla1[[#This Row],[VEHICULOS_ACCIDENTADOS]:[VEHICULOS_ACCIDENTADOS2]],"CAMPERO") -> 0 | V68: =COUNTIF(Tabla1[[#This Row],[VEHICULOS_ACCIDENTADOS]:[VEHICULOS_ACCIDENTADOS2]],"CAMIONETA") -> 0 | W68: =COUNTIF(Tabla1[[#This Row],[VEHICULOS_ACCIDENTADOS]:[VEHICULOS_ACCIDENTADOS2]],"MICROBUS") -> 0 | X68: =COUNTIF(Tabla1[[#This Row],[VEHICULOS_ACCIDENTADOS]:[VEHICULOS_ACCIDENTADOS2]],"BUS") -> 0 | Y68: =COUNTIF(Tabla1[[#This Row],[VEHICULOS_ACCIDENTADOS]:[VEHICULOS_ACCIDENTADOS2]],"BUSETA") -> 0 | Z68: =COUNTIF(Tabla1[[#This Row],[VEHICULOS_ACCIDENTADOS]:[VEHICULOS_ACCIDENTADOS2]],"CAMION") -> 0 | AA68: =COUNTIF(Tabla1[[#This Row],[VEHICULOS_ACCIDENTADOS]:[VEHICULOS_ACCIDENTADOS2]],"TRACTOCAMION") -> 0 | AB68: =COUNTIF(Tabla1[[#This Row],[VEHICULOS_ACCIDENTADOS]:[VEHICULOS_ACCIDENTADOS2]],"VOLQUETA") -> 0 | AC68: =COUNTIF(Tabla1[[#This Row],[VEHICULOS_ACCIDENTADOS]:[VEHICULOS_ACCIDENTADOS2]],"BICICLETA") -> 0 | AD68: MASCULINO | AE68: FEMENINO | AF68: =COUNTIF(Tabla1[[#This Row],[GENERO_MASCULINO]:[GENERO_FEMENINO]],"MASCULINO") -> 1 | AG68: =COUNTIF(Tabla1[[#This Row],[GENERO_MASCULINO]:[GENERO_FEMENINO]],"FEMENINO") -> 1 | AH68: 23 | AI68: 23 | AL68: 15 | AN68: 116 | AO68: =IFERROR(((VLOOKUP(Tabla1[[#This Row],[HIPOTESIS_1]],listas!$D$1:$E$105,2,FALSE))),"SIN INFORMACIÓN") -> Exceso de velocidad | AP68: 157 | AQ68: =IFERROR(((VLOOKUP(Tabla1[[#This Row],[HIPOTESIS_2]],listas!$D$1:$E$105,2,FALSE))),"") -> Otra | AR68: =IF(HOUR(Tabla1[[#This Row],[HORA_ACCIDENTE]])<6,"MAÑANA", IF(HOUR(Tabla1[[#This Row],[HORA_ACCIDENTE]])<12,"MAÑANA", IF(HOUR(Tabla1[[#This Row],[HORA_ACCIDENTE]])<18,"TARDE","NOCHE"))) -> NOCHE
A69: 609 | B69: 0 | C69: 2 | D69: 0 | E69: =IF(D69>=1,"FALLECIDO",IF(C69>=1,"LESIONADO",IF(B69>=1,"SOLO DAÑO",""))) -> LESIONADO | F69: CARRERA 19 CALLE 20 | G69: 5.338375 | H69: -72.396539 | I69: MOVILIDAD | J69: URBANO | K69: =UPPER(TEXT(M69,"YYYY")) -> 2023 | L69: =UPPER(TEXT(M69,"MMMM")) -> NOVIEMBRE | M69: 45244 | N69: =UPPER(TEXT(M69,"DDDD")) -> MARTES | O69: 0.46527778 | P69: MOTOCICLETA | Q69: AUTOMOVIL | R69: =COUNTIF(Tabla1[[#This Row],[VEHICULOS_ACCIDENTADOS]:[VEHICULOS_ACCIDENTADOS2]],"MOTOCICLETA") -> 1 | S69: =COUNTIF(Tabla1[[#This Row],[VEHICULOS_ACCIDENTADOS]:[VEHICULOS_ACCIDENTADOS2]],"MOTOCARRO") -> 0 | T69: =COUNTIF(Tabla1[[#This Row],[VEHICULOS_ACCIDENTADOS]:[VEHICULOS_ACCIDENTADOS2]],"AUTOMOVIL") -> 1 | U69: =COUNTIF(Tabla1[[#This Row],[VEHICULOS_ACCIDENTADOS]:[VEHICULOS_ACCIDENTADOS2]],"CAMPERO") -> 0 | V69: =COUNTIF(Tabla1[[#This Row],[VEHICULOS_ACCIDENTADOS]:[VEHICULOS_ACCIDENTADOS2]],"CAMIONETA") -> 0 | W69: =COUNTIF(Tabla1[[#This Row],[VEHICULOS_ACCIDENTADOS]:[VEHICULOS_ACCIDENTADOS2]],"MICROBUS") -> 0 | X69: =COUNTIF(Tabla1[[#This Row],[VEHICULOS_ACCIDENTADOS]:[VEHICULOS_ACCIDENTADOS2]],"BUS") -> 0 | Y69: =COUNTIF(Tabla1[[#This Row],[VEHICULOS_ACCIDENTADOS]:[VEHICULOS_ACCIDENTADOS2]],"BUSETA") -> 0 | Z69: =COUNTIF(Tabla1[[#This Row],[VEHICULOS_ACCIDENTADOS]:[VEHICULOS_ACCIDENTADOS2]],"CAMION") -> 0 | AA69: =COUNTIF(Tabla1[[#This Row],[VEHICULOS_ACCIDENTADOS]:[VEHICULOS_ACCIDENTADOS2]],"TRACTOCAMION") -> 0 | AB69: =COUNTIF(Tabla1[[#This Row],[VEHICULOS_ACCIDENTADOS]:[VEHICULOS_ACCIDENTADOS2]],"VOLQUETA") -> 0 | AC69: =COUNTIF(Tabla1[[#This Row],[VEHICULOS_ACCIDENTADOS]:[VEHICULOS_ACCIDENTADOS2]],"BICICLETA") -> 0 | AE69: FEMENINO | AF69: =COUNTIF(Tabla1[[#This Row],[GENERO_MASCULINO]:[GENERO_FEMENINO]],"MASCULINO") -> 0 | AG69: =COUNTIF(Tabla1[[#This Row],[GENERO_MASCULINO]:[GENERO_FEMENINO]],"FEMENINO") -> 1 | AH69: 29 | AL69: 0.4 | AN69: 121 | AO69: =IFERROR(((VLOOKUP(Tabla1[[#This Row],[HIPOTESIS_1]],listas!$D$1:$E$105,2,FALSE))),"SIN INFORMACIÓN") -> No mantener distancia de seguridad. | AP69: 157 | AQ69: =IFERROR(((VLOOKUP(Tabla1[[#This Row],[HIPOTESIS_2]],listas!$D$1:$E$105,2,FALSE))),"") -> Otra | AR69: =IF(HOUR(Tabla1[[#This Row],[HORA_ACCIDENTE]])<6,"MAÑANA", IF(HOUR(Tabla1[[#This Row],[HORA_ACCIDENTE]])<12,"MAÑANA", IF(HOUR(Tabla1[[#This Row],[HORA_ACCIDENTE]])<18,"TARDE","NOCHE"))) -> MAÑANA
A70: 971 | B70: 0 | C70: 1 | D70: 0 | E70: =IF(D70>=1,"FALLECIDO",IF(C70>=1,"LESIONADO",IF(B70>=1,"SOLO DAÑO",""))) -> LESIONADO | F70: CARRERA 19 CALLE 22 | G70: 5.336808 | H70: -72.395601 | I70: MOVILIDAD | J70: URBANO | K70: =UPPER(TEXT(M70,"YYYY")) -> 2025 | L70: =UPPER(TEXT(M70,"MMMM")) -> MAYO | M70: 45800 | N70: =UPPER(TEXT(M70,"DDDD")) -> VIERNES | O70: 0.73958333 | P70: MOTOCICLETA | Q70: MOTOCICLETA | R70: =COUNTIF(Tabla1[[#This Row],[VEHICULOS_ACCIDENTADOS]:[VEHICULOS_ACCIDENTADOS2]],"MOTOCICLETA") -> 2 | S70: =COUNTIF(Tabla1[[#This Row],[VEHICULOS_ACCIDENTADOS]:[VEHICULOS_ACCIDENTADOS2]],"MOTOCARRO") -> 0 | T70: =COUNTIF(Tabla1[[#This Row],[VEHICULOS_ACCIDENTADOS]:[VEHICULOS_ACCIDENTADOS2]],"AUTOMOVIL") -> 0 | U70: =COUNTIF(Tabla1[[#This Row],[VEHICULOS_ACCIDENTADOS]:[VEHICULOS_ACCIDENTADOS2]],"CAMPERO") -> 0 | V70: =COUNTIF(Tabla1[[#This Row],[VEHICULOS_ACCIDENTADOS]:[VEHICULOS_ACCIDENTADOS2]],"CAMIONETA") -> 0 | W70: =COUNTIF(Tabla1[[#This Row],[VEHICULOS_ACCIDENTADOS]:[VEHICULOS_ACCIDENTADOS2]],"MICROBUS") -> 0 | X70: =COUNTIF(Tabla1[[#This Row],[VEHICULOS_ACCIDENTADOS]:[VEHICULOS_ACCIDENTADOS2]],"BUS") -> 0 | Y70: =COUNTIF(Tabla1[[#This Row],[VEHICULOS_ACCIDENTADOS]:[VEHICULOS_ACCIDENTADOS2]],"BUSETA") -> 0 | Z70: =COUNTIF(Tabla1[[#This Row],[VEHICULOS_ACCIDENTADOS]:[VEHICULOS_ACCIDENTADOS2]],"CAMION") -> 0 | AA70: =COUNTIF(Tabla1[[#This Row],[VEHICULOS_ACCIDENTADOS]:[VEHICULOS_ACCIDENTADOS2]],"TRACTOCAMION") -> 0 | AB70: =COUNTIF(Tabla1[[#This Row],[VEHICULOS_ACCIDENTADOS]:[VEHICULOS_ACCIDENTADOS2]],"VOLQUETA") -> 0 | AC70: =COUNTIF(Tabla1[[#This Row],[VEHICULOS_ACCIDENTADOS]:[VEHICULOS_ACCIDENTADOS2]],"BICICLETA") -> 0 | AD70: MASCULINO | AE70: MASCULINO | AF70: =COUNTIF(Tabla1[[#This Row],[GENERO_MASCULINO]:[GENERO_FEMENINO]],"MASCULINO") -> 2 | AG70: =COUNTIF(Tabla1[[#This Row],[GENERO_MASCULINO]:[GENERO_FEMENINO]],"FEMENINO") -> 0 | AH70: 43 | AI70: 21 | AK70: 14 | AN70: 139 | AO70: =IFERROR(((VLOOKUP(Tabla1[[#This Row],[HIPOTESIS_1]],listas!$D$1:$E$105,2,FALSE))),"SIN INFORMACIÓN") -> Impericia en el manejo. | AP70: 157 | AQ70: =IFERROR(((VLOOKUP(Tabla1[[#This Row],[HIPOTESIS_2]],listas!$D$1:$E$105,2,FALSE))),"") -> Otra | AR70: =IF(HOUR(Tabla1[[#This Row],[HORA_ACCIDENTE]])<6,"MAÑANA", IF(HOUR(Tabla1[[#This Row],[HORA_ACCIDENTE]])<12,"MAÑANA", IF(HOUR(Tabla1[[#This Row],[HORA_ACCIDENTE]])<18,"TARDE","NOCHE"))) -> TARDE
A71: 819 | B71: 0 | C71: 2 | D71: 0 | E71: =IF(D71>=1,"FALLECIDO",IF(C71>=1,"LESIONADO",IF(B71>=1,"SOLO DAÑO",""))) -> LESIONADO | F71: CARRERA 19 CALLE 27 | G71: 5.3328417 | H71: -72.393503 | I71: MOVILIDAD | J71: URBANO | K71: =UPPER(TEXT(M71,"YYYY")) -> 2024 | L71: =UPPER(TEXT(M71,"MMMM")) -> NOVIEMBRE | M71: 45618 | N71: =UPPER(TEXT(M71,"DDDD")) -> VIERNES | O71: 0.98819444 | P71: MOTOCICLETA | Q71: CAMPERO | R71: =COUNTIF(Tabla1[[#This Row],[VEHICULOS_ACCIDENTADOS]:[VEHICULOS_ACCIDENTADOS2]],"MOTOCICLETA") -> 1 | S71: =COUNTIF(Tabla1[[#This Row],[VEHICULOS_ACCIDENTADOS]:[VEHICULOS_ACCIDENTADOS2]],"MOTOCARRO") -> 0 | T71: =COUNTIF(Tabla1[[#This Row],[VEHICULOS_ACCIDENTADOS]:[VEHICULOS_ACCIDENTADOS2]],"AUTOMOVIL") -> 0 | U71: =COUNTIF(Tabla1[[#This Row],[VEHICULOS_ACCIDENTADOS]:[VEHICULOS_ACCIDENTADOS2]],"CAMPERO") -> 1 | V71: =COUNTIF(Tabla1[[#This Row],[VEHICULOS_ACCIDENTADOS]:[VEHICULOS_ACCIDENTADOS2]],"CAMIONETA") -> 0 | W71: =COUNTIF(Tabla1[[#This Row],[VEHICULOS_ACCIDENTADOS]:[VEHICULOS_ACCIDENTADOS2]],"MICROBUS") -> 0 | X71: =COUNTIF(Tabla1[[#This Row],[VEHICULOS_ACCIDENTADOS]:[VEHICULOS_ACCIDENTADOS2]],"BUS") -> 0 | Y71: =COUNTIF(Tabla1[[#This Row],[VEHICULOS_ACCIDENTADOS]:[VEHICULOS_ACCIDENTADOS2]],"BUSETA") -> 0 | Z71: =COUNTIF(Tabla1[[#This Row],[VEHICULOS_ACCIDENTADOS]:[VEHICULOS_ACCIDENTADOS2]],"CAMION") -> 0 | AA71: =COUNTIF(Tabla1[[#This Row],[VEHICULOS_ACCIDENTADOS]:[VEHICULOS_ACCIDENTADOS2]],"TRACTOCAMION") -> 0 | AB71: =COUNTIF(Tabla1[[#This Row],[VEHICULOS_ACCIDENTADOS]:[VEHICULOS_ACCIDENTADOS2]],"VOLQUETA") -> 0 | AC71: =COUNTIF(Tabla1[[#This Row],[VEHICULOS_ACCIDENTADOS]:[VEHICULOS_ACCIDENTADOS2]],"BICICLETA") -> 0 | AD71: MASCULINO | AE71: FEMENINO | AF71: =COUNTIF(Tabla1[[#This Row],[GENERO_MASCULINO]:[GENERO_FEMENINO]],"MASCULINO") -> 1 | AG71: =COUNTIF(Tabla1[[#This Row],[GENERO_MASCULINO]:[GENERO_FEMENINO]],"FEMENINO") -> 1 | AH71: 30 | AI71: 16 | AJ71: 15 | AN71: 123 | AO71: =IFERROR(((VLOOKUP(Tabla1[[#This Row],[HIPOTESIS_1]],listas!$D$1:$E$105,2,FALSE))),"SIN INFORMACIÓN") -> No respetar prelación de intersecciones o giros. | AP71: 157 | AQ71: =IFERROR(((VLOOKUP(Tabla1[[#This Row],[HIPOTESIS_2]],listas!$D$1:$E$105,2,FALSE))),"") -> Otra | AR71: =IF(HOUR(Tabla1[[#This Row],[HORA_ACCIDENTE]])<6,"MAÑANA", IF(HOUR(Tabla1[[#This Row],[HORA_ACCIDENTE]])<12,"MAÑANA", IF(HOUR(Tabla1[[#This Row],[HORA_ACCIDENTE]])<18,"TARDE","NOCHE"))) -> NOCHE
A72: 431 | B72: 0 | C72: 2 | D72: 0 | E72: =IF(D72>=1,"FALLECIDO",IF(C72>=1,"LESIONADO",IF(B72>=1,"SOLO DAÑO",""))) -> LESIONADO | F72: CARRERA 2 CALLE 59 | G72: 5.3036367 | H72: -72.410577 | I72: MOVILIDAD | J72: URBANO | K72: =UPPER(TEXT(M72,"YYYY")) -> 2023 | L72: =UPPER(TEXT(M72,"MMMM")) -> MARZO | M72: 45002 | N72: =UPPER(TEXT(M72,"DDDD")) -> VIERNES | O72: 0.42361111 | P72: MOTOCICLETA | Q72: MOTOCICLETA | R72: =COUNTIF(Tabla1[[#This Row],[VEHICULOS_ACCIDENTADOS]:[VEHICULOS_ACCIDENTADOS2]],"MOTOCICLETA") -> 2 | S72: =COUNTIF(Tabla1[[#This Row],[VEHICULOS_ACCIDENTADOS]:[VEHICULOS_ACCIDENTADOS2]],"MOTOCARRO") -> 0 | T72: =COUNTIF(Tabla1[[#This Row],[VEHICULOS_ACCIDENTADOS]:[VEHICULOS_ACCIDENTADOS2]],"AUTOMOVIL") -> 0 | U72: =COUNTIF(Tabla1[[#This Row],[VEHICULOS_ACCIDENTADOS]:[VEHICULOS_ACCIDENTADOS2]],"CAMPERO") -> 0 | V72: =COUNTIF(Tabla1[[#This Row],[VEHICULOS_ACCIDENTADOS]:[VEHICULOS_ACCIDENTADOS2]],"CAMIONETA") -> 0 | W72: =COUNTIF(Tabla1[[#This Row],[VEHICULOS_ACCIDENTADOS]:[VEHICULOS_ACCIDENTADOS2]],"MICROBUS") -> 0 | X72: =COUNTIF(Tabla1[[#This Row],[VEHICULOS_ACCIDENTADOS]:[VEHICULOS_ACCIDENTADOS2]],"BUS") -> 0 | Y72: =COUNTIF(Tabla1[[#This Row],[VEHICULOS_ACCIDENTADOS]:[VEHICULOS_ACCIDENTADOS2]],"BUSETA") -> 0 | Z72: =COUNTIF(Tabla1[[#This Row],[VEHICULOS_ACCIDENTADOS]:[VEHICULOS_ACCIDENTADOS2]],"CAMION") -> 0 | AA72: =COUNTIF(Tabla1[[#This Row],[VEHICULOS_ACCIDENTADOS]:[VEHICULOS_ACCIDENTADOS2]],"TRACTOCAMION") -> 0 | AB72: =COUNTIF(Tabla1[[#This Row],[VEHICULOS_ACCIDENTADOS]:[VEHICULOS_ACCIDENTADOS2]],"VOLQUETA") -> 0 | AC72: =COUNTIF(Tabla1[[#This Row],[VEHICULOS_ACCIDENTADOS]:[VEHICULOS_ACCIDENTADOS2]],"BICICLETA") -> 0 | AD72: MASCULINO | AF72: =COUNTIF(Tabla1[[#This Row],[GENERO_MASCULINO]:[GENERO_FEMENINO]],"MASCULINO") -> 1 | AG72: =COUNTIF(Tabla1[[#This Row],[GENERO_MASCULINO]:[GENERO_FEMENINO]],"FEMENINO") -> 0 | AH72: 25 | AL72: 22 | AN72: 139 | AO72: =IFERROR(((VLOOKUP(Tabla1[[#This Row],[HIPOTESIS_1]],listas!$D$1:$E$105,2,FALSE))),"SIN INFORMACIÓN") -> Impericia en el manejo. | AP72: 157 | AQ72: =IFERROR(((VLOOKUP(Tabla1[[#This Row],[HIPOTESIS_2]],listas!$D$1:$E$105,2,FALSE))),"") -> Otra | AR72: =IF(HOUR(Tabla1[[#This Row],[HORA_ACCIDENTE]])<6,"MAÑANA", IF(HOUR(Tabla1[[#This Row],[HORA_ACCIDENTE]])<12,"MAÑANA", IF(HOUR(Tabla1[[#This Row],[HORA_ACCIDENTE]])<18,"TARDE","NOCHE"))) -> MAÑANA
A73: 741 | B73: 0 | C73: 0 | D73: 1 | E73: =IF(D73>=1,"FALLECIDO",IF(C73>=1,"LESIONADO",IF(B73>=1,"SOLO DAÑO",""))) -> FALLECIDO | F73: CARRERA 20 # 18-09 | G73: 5.3402692 | H73: -72.39633 | I73: MOVILIDAD | J73: URBANO | K73: =UPPER(TEXT(M73,"YYYY")) -> 2024 | L73: =UPPER(TEXT(M73,"MMMM")) -> JULIO | M73: 45479 | N73: =UPPER(TEXT(M73,"DDDD")) -> SÁBADO | O73: 0.93055556 | P73: MOTOCICLETA | R73: =COUNTIF(Tabla1[[#This Row],[VEHICULOS_ACCIDENTADOS]:[VEHICULOS_ACCIDENTADOS2]],"MOTOCICLETA") -> 1 | S73: =COUNTIF(Tabla1[[#This Row],[VEHICULOS_ACCIDENTADOS]:[VEHICULOS_ACCIDENTADOS2]],"MOTOCARRO") -> 0 | T73: =COUNTIF(Tabla1[[#This Row],[VEHICULOS_ACCIDENTADOS]:[VEHICULOS_ACCIDENTADOS2]],"AUTOMOVIL") -> 0 | U73: =COUNTIF(Tabla1[[#This Row],[VEHICULOS_ACCIDENTADOS]:[VEHICULOS_ACCIDENTADOS2]],"CAMPERO") -> 0 | V73: =COUNTIF(Tabla1[[#This Row],[VEHICULOS_ACCIDENTADOS]:[VEHICULOS_ACCIDENTADOS2]],"CAMIONETA") -> 0 | W73: =COUNTIF(Tabla1[[#This Row],[VEHICULOS_ACCIDENTADOS]:[VEHICULOS_ACCIDENTADOS2]],"MICROBUS") -> 0 | X73: =COUNTIF(Tabla1[[#This Row],[VEHICULOS_ACCIDENTADOS]:[VEHICULOS_ACCIDENTADOS2]],"BUS") -> 0 | Y73: =COUNTIF(Tabla1[[#This Row],[VEHICULOS_ACCIDENTADOS]:[VEHICULOS_ACCIDENTADOS2]],"BUSETA") -> 0 | Z73: =COUNTIF(Tabla1[[#This Row],[VEHICULOS_ACCIDENTADOS]:[VEHICULOS_ACCIDENTADOS2]],"CAMION") -> 0 | AA73: =COUNTIF(Tabla1[[#This Row],[VEHICULOS_ACCIDENTADOS]:[VEHICULOS_ACCIDENTADOS2]],"TRACTOCAMION") -> 0 | AB73: =COUNTIF(Tabla1[[#This Row],[VEHICULOS_ACCIDENTADOS]:[VEHICULOS_ACCIDENTADOS2]],"VOLQUETA") -> 0 | AC73: =COUNTIF(Tabla1[[#This Row],[VEHICULOS_ACCIDENTADOS]:[VEHICULOS_ACCIDENTADOS2]],"BICICLETA") -> 0 | AE73: FEMENINO | AF73: =COUNTIF(Tabla1[[#This Row],[GENERO_MASCULINO]:[GENERO_FEMENINO]],"MASCULINO") -> 0 | AG73: =COUNTIF(Tabla1[[#This Row],[GENERO_MASCULINO]:[GENERO_FEMENINO]],"FEMENINO") -> 1 | AM73: 26 | AN73: 139 | AO73: =IFERROR(((VLOOKUP(Tabla1[[#This Row],[HIPOTESIS_1]],listas!$D$1:$E$105,2,FALSE))),"SIN INFORMACIÓN") -> Impericia en el manejo. | AP73: 157 | AQ73: =IFERROR(((VLOOKUP(Tabla1[[#This Row],[HIPOTESIS_2]],listas!$D$1:$E$105,2,FALSE))),"") -> Otra | AR73: =IF(HOUR(Tabla1[[#This Row],[HORA_ACCIDENTE]])<6,"MAÑANA", IF(HOUR(Tabla1[[#This Row],[HORA_ACCIDENTE]])<12,"MAÑANA", IF(HOUR(Tabla1[[#This Row],[HORA_ACCIDENTE]])<18,"TARDE","NOCHE"))) -> NOCHE
A74: 303 | B74: 0 | C74: 1 | D74: 0 | E74: =IF(D74>=1,"FALLECIDO",IF(C74>=1,"LESIONADO",IF(B74>=1,"SOLO DAÑO",""))) -> LESIONADO | F74: CARRERA 20 # 10 | G74: 5.3467961 | H74: -72.399901 | I74: MOVILIDAD | J74: URBANO | K74: =UPPER(TEXT(M74,"YYYY")) -> 2022 | L74: =UPPER(TEXT(M74,"MMMM")) -> SEPTIEMBRE | M74: 44814 | N74: =UPPER(TEXT(M74,"DDDD")) -> SÁBADO | O74: 1.09375 | P74: MOTOCICLETA | Q74: AUTOMOVIL | R74: =COUNTIF(Tabla1[[#This Row],[VEHICULOS_ACCIDENTADOS]:[VEHICULOS_ACCIDENTADOS2]],"MOTOCICLETA") -> 1 | S74: =COUNTIF(Tabla1[[#This Row],[VEHICULOS_ACCIDENTADOS]:[VEHICULOS_ACCIDENTADOS2]],"MOTOCARRO") -> 0 | T74: =COUNTIF(Tabla1[[#This Row],[VEHICULOS_ACCIDENTADOS]:[VEHICULOS_ACCIDENTADOS2]],"AUTOMOVIL") -> 1 | U74: =COUNTIF(Tabla1[[#This Row],[VEHICULOS_ACCIDENTADOS]:[VEHICULOS_ACCIDENTADOS2]],"CAMPERO") -> 0 | V74: =COUNTIF(Tabla1[[#This Row],[VEHICULOS_ACCIDENTADOS]:[VEHICULOS_ACCIDENTADOS2]],"CAMIONETA") -> 0 | W74: =COUNTIF(Tabla1[[#This Row],[VEHICULOS_ACCIDENTADOS]:[VEHICULOS_ACCIDENTADOS2]],"MICROBUS") -> 0 | X74: =COUNTIF(Tabla1[[#This Row],[VEHICULOS_ACCIDENTADOS]:[VEHICULOS_ACCIDENTADOS2]],"BUS") -> 0 | Y74: =COUNTIF(Tabla1[[#This Row],[VEHICULOS_ACCIDENTADOS]:[VEHICULOS_ACCIDENTADOS2]],"BUSETA") -> 0 | Z74: =COUNTIF(Tabla1[[#This Row],[VEHICULOS_ACCIDENTADOS]:[VEHICULOS_ACCIDENTADOS2]],"CAMION") -> 0 | AA74: =COUNTIF(Tabla1[[#This Row],[VEHICULOS_ACCIDENTADOS]:[VEHICULOS_ACCIDENTADOS2]],"TRACTOCAMION") -> 0 | AB74: =COUNTIF(Tabla1[[#This Row],[VEHICULOS_ACCIDENTADOS]:[VEHICULOS_ACCIDENTADOS2]],"VOLQUETA") -> 0 | AC74: =COUNTIF(Tabla1[[#This Row],[VEHICULOS_ACCIDENTADOS]:[VEHICULOS_ACCIDENTADOS2]],"BICICLETA") -> 0 | AD74: MASCULINO | AF74: =COUNTIF(Tabla1[[#This Row],[GENERO_MASCULINO]:[GENERO_FEMENINO]],"MASCULINO") -> 1 | AG74: =COUNTIF(Tabla1[[#This Row],[GENERO_MASCULINO]:[GENERO_FEMENINO]],"FEMENINO") -> 0 | AH74: 21 | AN74: 139 | AO74: =IFERROR(((VLOOKUP(Tabla1[[#This Row],[HIPOTESIS_1]],listas!$D$1:$E$105,2,FALSE))),"SIN INFORMACIÓN") -> Impericia en el manejo. | AP74: 157 | AQ74: =IFERROR(((VLOOKUP(Tabla1[[#This Row],[HIPOTESIS_2]],listas!$D$1:$E$105,2,FALSE))),"") -> Otra | AR74: =IF(HOUR(Tabla1[[#This Row],[HORA_ACCIDENTE]])<6,"MAÑANA", IF(HOUR(Tabla1[[#This Row],[HORA_ACCIDENTE]])<12,"MAÑANA", IF(HOUR(Tabla1[[#This Row],[HORA_ACCIDENTE]])<18,"TARDE","NOCHE"))) -> MAÑANA
A75: 334 | B75: 0 | C75: 1 | D75: 0 | E75: =IF(D75>=1,"FALLECIDO",IF(C75>=1,"LESIONADO",IF(B75>=1,"SOLO DAÑO",""))) -> LESIONADO | F75: CARRERA 20 # 20 | G75: 5.3388722 | H75: -72.395642 | I75: MOVILIDAD | J75: URBANO | K75: =UPPER(TEXT(M75,"YYYY")) -> 2022 | L75: =UPPER(TEXT(M75,"MMMM")) -> OCTUBRE | M75: 44852 | N75: =UPPER(TEXT(M75,"DDDD")) -> MARTES | O75: 0.45138889 | P75: MOTOCICLETA | Q75: CAMIONETA | R75: =COUNTIF(Tabla1[[#This Row],[VEHICULOS_ACCIDENTADOS]:[VEHICULOS_ACCIDENTADOS2]],"MOTOCICLETA") -> 1 | S75: =COUNTIF(Tabla1[[#This Row],[VEHICULOS_ACCIDENTADOS]:[VEHICULOS_ACCIDENTADOS2]],"MOTOCARRO") -> 0 | T75: =COUNTIF(Tabla1[[#This Row],[VEHICULOS_ACCIDENTADOS]:[VEHICULOS_ACCIDENTADOS2]],"AUTOMOVIL") -> 0 | U75: =COUNTIF(Tabla1[[#This Row],[VEHICULOS_ACCIDENTADOS]:[VEHICULOS_ACCIDENTADOS2]],"CAMPERO") -> 0 | V75: =COUNTIF(Tabla1[[#This Row],[VEHICULOS_ACCIDENTADOS]:[VEHICULOS_ACCIDENTADOS2]],"CAMIONETA") -> 1 | W75: =COUNTIF(Tabla1[[#This Row],[VEHICULOS_ACCIDENTADOS]:[VEHICULOS_ACCIDENTADOS2]],"MICROBUS") -> 0 | X75: =COUNTIF(Tabla1[[#This Row],[VEHICULOS_ACCIDENTADOS]:[VEHICULOS_ACCIDENTADOS2]],"BUS") -> 0 | Y75: =COUNTIF(Tabla1[[#This Row],[VEHICULOS_ACCIDENTADOS]:[VEHICULOS_ACCIDENTADOS2]],"BUSETA") -> 0 | Z75: =COUNTIF(Tabla1[[#This Row],[VEHICULOS_ACCIDENTADOS]:[VEHICULOS_ACCIDENTADOS2]],"CAMION") -> 0 | AA75: =COUNTIF(Tabla1[[#This Row],[VEHICULOS_ACCIDENTADOS]:[VEHICULOS_ACCIDENTADOS2]],"TRACTOCAMION") -> 0 | AB75: =COUNTIF(Tabla1[[#This Row],[VEHICULOS_ACCIDENTADOS]:[VEHICULOS_ACCIDENTADOS2]],"VOLQUETA") -> 0 | AC75: =COUNTIF(Tabla1[[#This Row],[VEHICULOS_ACCIDENTADOS]:[VEHICULOS_ACCIDENTADOS2]],"BICICLETA") -> 0 | AD75: MASCULINO | AF75: =COUNTIF(Tabla1[[#This Row],[GENERO_MASCULINO]:[GENERO_FEMENINO]],"MASCULINO") -> 1 | AG75: =COUNTIF(Tabla1[[#This Row],[GENERO_MASCULINO]:[GENERO_FEMENINO]],"FEMENINO") -> 0 | AH75: 28 | AN75: 139 | AO75: =IFERROR(((VLOOKUP(Tabla1[[#This Row],[HIPOTESIS_1]],listas!$D$1:$E$105,2,FALSE))),"SIN INFORMACIÓN") -> Impericia en el manejo. | AP75: 157 | AQ75: =IFERROR(((VLOOKUP(Tabla1[[#This Row],[HIPOTESIS_2]],listas!$D$1:$E$105,2,FALSE))),"") -> Otra | AR75: =IF(HOUR(Tabla1[[#This Row],[HORA_ACCIDENTE]])<6,"MAÑANA", IF(HOUR(Tabla1[[#This Row],[HORA_ACCIDENTE]])<12,"MAÑANA", IF(HOUR(Tabla1[[#This Row],[HORA_ACCIDENTE]])<18,"TARDE","NOCHE"))) -> MAÑANA
A76: 453 | B76: 0 | C76: 1 | D76: 0 | E76: =IF(D76>=1,"FALLECIDO",IF(C76>=1,"LESIONADO",IF(B76>=1,"SOLO DAÑO",""))) -> LESIONADO | F76: CARRERA 20 CALLE 26 | G76: 5.3341553 | H76: -72.393057 | I76: MOVILIDAD | J76: URBANO | K76: =UPPER(TEXT(M76,"YYYY")) -> 2023 | L76: =UPPER(TEXT(M76,"MMMM")) -> ABRIL | M76: 45034 | N76: =UPPER(TEXT(M76,"DDDD")) -> MARTES | O76: 0.88541667 | P76: MOTOCICLETA | Q76: MOTOCARRO | R76: =COUNTIF(Tabla1[[#This Row],[VEHICULOS_ACCIDENTADOS]:[VEHICULOS_ACCIDENTADOS2]],"MOTOCICLETA") -> 1 | S76: =COUNTIF(Tabla1[[#This Row],[VEHICULOS_ACCIDENTADOS]:[VEHICULOS_ACCIDENTADOS2]],"MOTOCARRO") -> 1 | T76: =COUNTIF(Tabla1[[#This Row],[VEHICULOS_ACCIDENTADOS]:[VEHICULOS_ACCIDENTADOS2]],"AUTOMOVIL") -> 0 | U76: =COUNTIF(Tabla1[[#This Row],[VEHICULOS_ACCIDENTADOS]:[VEHICULOS_ACCIDENTADOS2]],"CAMPERO") -> 0 | V76: =COUNTIF(Tabla1[[#This Row],[VEHICULOS_ACCIDENTADOS]:[VEHICULOS_ACCIDENTADOS2]],"CAMIONETA") -> 0 | W76: =COUNTIF(Tabla1[[#This Row],[VEHICULOS_ACCIDENTADOS]:[VEHICULOS_ACCIDENTADOS2]],"MICROBUS") -> 0 | X76: =COUNTIF(Tabla1[[#This Row],[VEHICULOS_ACCIDENTADOS]:[VEHICULOS_ACCIDENTADOS2]],"BUS") -> 0 | Y76: =COUNTIF(Tabla1[[#This Row],[VEHICULOS_ACCIDENTADOS]:[VEHICULOS_ACCIDENTADOS2]],"BUSETA") -> 0 | Z76: =COUNTIF(Tabla1[[#This Row],[VEHICULOS_ACCIDENTADOS]:[VEHICULOS_ACCIDENTADOS2]],"CAMION") -> 0 | AA76: =COUNTIF(Tabla1[[#This Row],[VEHICULOS_ACCIDENTADOS]:[VEHICULOS_ACCIDENTADOS2]],"TRACTOCAMION") -> 0 | AB76: =COUNTIF(Tabla1[[#This Row],[VEHICULOS_ACCIDENTADOS]:[VEHICULOS_ACCIDENTADOS2]],"VOLQUETA") -> 0 | AC76: =COUNTIF(Tabla1[[#This Row],[VEHICULOS_ACCIDENTADOS]:[VEHICULOS_ACCIDENTADOS2]],"BICICLETA") -> 0 | AD76: MASCULINO | AF76: =COUNTIF(Tabla1[[#This Row],[GENERO_MASCULINO]:[GENERO_FEMENINO]],"MASCULINO") -> 1 | AG76: =COUNTIF(Tabla1[[#This Row],[GENERO_MASCULINO]:[GENERO_FEMENINO]],"FEMENINO") -> 0 | AH76: 19 | AN76: 112 | AO76: =IFERROR(((VLOOKUP(Tabla1[[#This Row],[HIPOTESIS_1]],listas!$D$1:$E$105,2,FALSE))),"SIN INFORMACIÓN") -> Desobedecer señales o normas de tránsito. | AP76: 157 | AQ76: =IFERROR(((VLOOKUP(Tabla1[[#This Row],[HIPOTESIS_2]],listas!$D$1:$E$105,2,FALSE))),"") -> Otra | AR76: =IF(HOUR(Tabla1[[#This Row],[HORA_ACCIDENTE]])<6,"MAÑANA", IF(HOUR(Tabla1[[#This Row],[HORA_ACCIDENTE]])<12,"MAÑANA", IF(HOUR(Tabla1[[#This Row],[HORA_ACCIDENTE]])<18,"TARDE","NOCHE"))) -> NOCHE
A77: 719 | B77: 0 | C77: 1 | D77: 0 | E77: =IF(D77>=1,"FALLECIDO",IF(C77>=1,"LESIONADO",IF(B77>=1,"SOLO DAÑO",""))) -> LESIONADO | F77: CARRERA 21 # 24 | G77: 5.336184 | H77: -72.393092 | I77: MOVILIDAD | J77: URBANO | K77: =UPPER(TEXT(M77,"YYYY")) -> 2024 | L77: =UPPER(TEXT(M77,"MMMM")) -> MAYO | M77: 45439 | N77: =UPPER(TEXT(M77,"DDDD")) -> LUNES | O77: 0.9375 | P77: MOTOCICLETA | Q77: MOTOCICLETA | R77: =COUNTIF(Tabla1[[#This Row],[VEHICULOS_ACCIDENTADOS]:[VEHICULOS_ACCIDENTADOS2]],"MOTOCICLETA") -> 2 | S77: =COUNTIF(Tabla1[[#This Row],[VEHICULOS_ACCIDENTADOS]:[VEHICULOS_ACCIDENTADOS2]],"MOTOCARRO") -> 0 | T77: =COUNTIF(Tabla1[[#This Row],[VEHICULOS_ACCIDENTADOS]:[VEHICULOS_ACCIDENTADOS2]],"AUTOMOVIL") -> 0 | U77: =COUNTIF(Tabla1[[#This Row],[VEHICULOS_ACCIDENTADOS]:[VEHICULOS_ACCIDENTADOS2]],"CAMPERO") -> 0 | V77: =COUNTIF(Tabla1[[#This Row],[VEHICULOS_ACCIDENTADOS]:[VEHICULOS_ACCIDENTADOS2]],"CAMIONETA") -> 0 | W77: =COUNTIF(Tabla1[[#This Row],[VEHICULOS_ACCIDENTADOS]:[VEHICULOS_ACCIDENTADOS2]],"MICROBUS") -> 0 | X77: =COUNTIF(Tabla1[[#This Row],[VEHICULOS_ACCIDENTADOS]:[VEHICULOS_ACCIDENTADOS2]],"BUS") -> 0 | Y77: =COUNTIF(Tabla1[[#This Row],[VEHICULOS_ACCIDENTADOS]:[VEHICULOS_ACCIDENTADOS2]],"BUSETA") -> 0 | Z77: =COUNTIF(Tabla1[[#This Row],[VEHICULOS_ACCIDENTADOS]:[VEHICULOS_ACCIDENTADOS2]],"CAMION") -> 0 | AA77: =COUNTIF(Tabla1[[#This Row],[VEHICULOS_ACCIDENTADOS]:[VEHICULOS_ACCIDENTADOS2]],"TRACTOCAMION") -> 0 | AB77: =COUNTIF(Tabla1[[#This Row],[VEHICULOS_ACCIDENTADOS]:[VEHICULOS_ACCIDENTADOS2]],"VOLQUETA") -> 0 | AC77: =COUNTIF(Tabla1[[#This Row],[VEHICULOS_ACCIDENTADOS]:[VEHICULOS_ACCIDENTADOS2]],"BICICLETA") -> 0 | AD77: MASCULINO | AE77: FEMENINO | AF77: =COUNTIF(Tabla1[[#This Row],[GENERO_MASCULINO]:[GENERO_FEMENINO]],"MASCULINO") -> 1 | AG77: =COUNTIF(Tabla1[[#This Row],[GENERO_MASCULINO]:[GENERO_FEMENINO]],"FEMENINO") -> 1 | AH77: 21 | AI77: 19 | AN77: 139 | AO77: =IFERROR(((VLOOKUP(Tabla1[[#This Row],[HIPOTESIS_1]],listas!$D$1:$E$105,2,FALSE))),"SIN INFORMACIÓN") -> Impericia en el manejo. | AP77: 157 | AQ77: =IFERROR(((VLOOKUP(Tabla1[[#This Row],[HIPOTESIS_2]],listas!$D$1:$E$105,2,FALSE))),"") -> Otra | AR77: =IF(HOUR(Tabla1[[#This Row],[HORA_ACCIDENTE]])<6,"MAÑANA", IF(HOUR(Tabla1[[#This Row],[HORA_ACCIDENTE]])<12,"MAÑANA", IF(HOUR(Tabla1[[#This Row],[HORA_ACCIDENTE]])<18,"TARDE","NOCHE"))) -> NOCHE
A78: 890 | B78: 0 | C78: 3 | D78: 0 | E78: =IF(D78>=1,"FALLECIDO",IF(C78>=1,"LESIONADO",IF(B78>=1,"SOLO DAÑO",""))) -> LESIONADO | F78: CARRERA 21 # 24 | G78: 5.336184 | H78: -72.393092 | I78: MOVILIDAD | J78: URBANO | K78: =UPPER(TEXT(M78,"YYYY")) -> 2025 | L78: =UPPER(TEXT(M78,"MMMM")) -> MARZO | M78: 45718 | N78: =UPPER(TEXT(M78,"DDDD")) -> DOMINGO | O78: 0.63541667 | P78: MOTOCICLETA | Q78: MOTOCICLETA | R78: =COUNTIF(Tabla1[[#This Row],[VEHICULOS_ACCIDENTADOS]:[VEHICULOS_ACCIDENTADOS2]],"MOTOCICLETA") -> 2 | S78: =COUNTIF(Tabla1[[#This Row],[VEHICULOS_ACCIDENTADOS]:[VEHICULOS_ACCIDENTADOS2]],"MOTOCARRO") -> 0 | T78: =COUNTIF(Tabla1[[#This Row],[VEHICULOS_ACCIDENTADOS]:[VEHICULOS_ACCIDENTADOS2]],"AUTOMOVIL") -> 0 | U78: =COUNTIF(Tabla1[[#This Row],[VEHICULOS_ACCIDENTADOS]:[VEHICULOS_ACCIDENTADOS2]],"CAMPERO") -> 0 | V78: =COUNTIF(Tabla1[[#This Row],[VEHICULOS_ACCIDENTADOS]:[VEHICULOS_ACCIDENTADOS2]],"CAMIONETA") -> 0 | W78: =COUNTIF(Tabla1[[#This Row],[VEHICULOS_ACCIDENTADOS]:[VEHICULOS_ACCIDENTADOS2]],"MICROBUS") -> 0 | X78: =COUNTIF(Tabla1[[#This Row],[VEHICULOS_ACCIDENTADOS]:[VEHICULOS_ACCIDENTADOS2]],"BUS") -> 0 | Y78: =COUNTIF(Tabla1[[#This Row],[VEHICULOS_ACCIDENTADOS]:[VEHICULOS_ACCIDENTADOS2]],"BUSETA") -> 0 | Z78: =COUNTIF(Tabla1[[#This Row],[VEHICULOS_ACCIDENTADOS]:[VEHICULOS_ACCIDENTADOS2]],"CAMION") -> 0 | AA78: =COUNTIF(Tabla1[[#This Row],[VEHICULOS_ACCIDENTADOS]:[VEHICULOS_ACCIDENTADOS2]],"TRACTOCAMION") -> 0 | AB78: =COUNTIF(Tabla1[[#This Row],[VEHICULOS_ACCIDENTADOS]:[VEHICULOS_ACCIDENTADOS2]],"VOLQUETA") -> 0 | AC78: =COUNTIF(Tabla1[[#This Row],[VEHICULOS_ACCIDENTADOS]:[VEHICULOS_ACCIDENTADOS2]],"BICICLETA") -> 0 | AD78: MASCULINO | AE78: FEMENINO | AF78: =COUNTIF(Tabla1[[#This Row],[GENERO_MASCULINO]:[GENERO_FEMENINO]],"MASCULINO") -> 1 | AG78: =COUNTIF(Tabla1[[#This Row],[GENERO_MASCULINO]:[GENERO_FEMENINO]],"FEMENINO") -> 1 | AH78: 17 | AI78: 24 | AJ78: 17 | AN78: 139 | AO78: =IFERROR(((VLOOKUP(Tabla1[[#This Row],[HIPOTESIS_1]],listas!$D$1:$E$105,2,FALSE))),"SIN INFORMACIÓN") -> Impericia en el manejo. | AP78: 157 | AQ78: =IFERROR(((VLOOKUP(Tabla1[[#This Row],[HIPOTESIS_2]],listas!$D$1:$E$105,2,FALSE))),"") -> Otra | AR78: =IF(HOUR(Tabla1[[#This Row],[HORA_ACCIDENTE]])<6,"MAÑANA", IF(HOUR(Tabla1[[#This Row],[HORA_ACCIDENTE]])<12,"MAÑANA", IF(HOUR(Tabla1[[#This Row],[HORA_ACCIDENTE]])<18,"TARDE","NOCHE"))) -> TARDE
A79: 920 | B79: 0 | C79: 1 | D79: 0 | E79: =IF(D79>=1,"FALLECIDO",IF(C79>=1,"LESIONADO",IF(B79>=1,"SOLO DAÑO",""))) -> LESIONADO | F79: CARRERA 22 # 22-46 | G79: 5.338428 | H79: -72.392544 | I79: MOVILIDAD | J79: URBANO | K79: =UPPER(TEXT(M79,"YYYY")) -> 2025 | L79: =UPPER(TEXT(M79,"MMMM")) -> MARZO | M79: 45746 | N79: =UPPER(TEXT(M79,"DDDD")) -> DOMINGO | O79: 0.93055556 | P79: MOTOCICLETA | Q79: MOTOCICLETA | R79: =COUNTIF(Tabla1[[#This Row],[VEHICULOS_ACCIDENTADOS]:[VEHICULOS_ACCIDENTADOS2]],"MOTOCICLETA") -> 2 | S79: =COUNTIF(Tabla1[[#This Row],[VEHICULOS_ACCIDENTADOS]:[VEHICULOS_ACCIDENTADOS2]],"MOTOCARRO") -> 0 | T79: =COUNTIF(Tabla1[[#This Row],[VEHICULOS_ACCIDENTADOS]:[VEHICULOS_ACCIDENTADOS2]],"AUTOMOVIL") -> 0 | U79: =COUNTIF(Tabla1[[#This Row],[VEHICULOS_ACCIDENTADOS]:[VEHICULOS_ACCIDENTADOS2]],"CAMPERO") -> 0 | V79: =COUNTIF(Tabla1[[#This Row],[VEHICULOS_ACCIDENTADOS]:[VEHICULOS_ACCIDENTADOS2]],"CAMIONETA") -> 0 | W79: =COUNTIF(Tabla1[[#This Row],[VEHICULOS_ACCIDENTADOS]:[VEHICULOS_ACCIDENTADOS2]],"MICROBUS") -> 0 | X79: =COUNTIF(Tabla1[[#This Row],[VEHICULOS_ACCIDENTADOS]:[VEHICULOS_ACCIDENTADOS2]],"BUS") -> 0 | Y79: =COUNTIF(Tabla1[[#This Row],[VEHICULOS_ACCIDENTADOS]:[VEHICULOS_ACCIDENTADOS2]],"BUSETA") -> 0 | Z79: =COUNTIF(Tabla1[[#This Row],[VEHICULOS_ACCIDENTADOS]:[VEHICULOS_ACCIDENTADOS2]],"CAMION") -> 0 | AA79: =COUNTIF(Tabla1[[#This Row],[VEHICULOS_ACCIDENTADOS]:[VEHICULOS_ACCIDENTADOS2]],"TRACTOCAMION") -> 0 | AB79: =COUNTIF(Tabla1[[#This Row],[VEHICULOS_ACCIDENTADOS]:[VEHICULOS_ACCIDENTADOS2]],"VOLQUETA") -> 0 | AC79: =COUNTIF(Tabla1[[#This Row],[VEHICULOS_ACCIDENTADOS]:[VEHICULOS_ACCIDENTADOS2]],"BICICLETA") -> 0 | AD79: MASCULINO | AE79: MASCULINO | AF79: =COUNTIF(Tabla1[[#This Row],[GENERO_MASCULINO]:[GENERO_FEMENINO]],"MASCULINO") -> 2 | AG79: =COUNTIF(Tabla1[[#This Row],[GENERO_MASCULINO]:[GENERO_FEMENINO]],"FEMENINO") -> 0 | AH79: 18 | AI79: 24 | AN79: 139 | AO79: =IFERROR(((VLOOKUP(Tabla1[[#This Row],[HIPOTESIS_1]],listas!$D$1:$E$105,2,FALSE))),"SIN INFORMACIÓN") -> Impericia en el manejo. | AP79: 157 | AQ79: =IFERROR(((VLOOKUP(Tabla1[[#This Row],[HIPOTESIS_2]],listas!$D$1:$E$105,2,FALSE))),"") -> Otra | AR79: =IF(HOUR(Tabla1[[#This Row],[HORA_ACCIDENTE]])<6,"MAÑANA", IF(HOUR(Tabla1[[#This Row],[HORA_ACCIDENTE]])<12,"MAÑANA", IF(HOUR(Tabla1[[#This Row],[HORA_ACCIDENTE]])<18,"TARDE","NOCHE"))) -> NOCHE
A80: 633 | B80: 0 | C80: 1 | D80: 0 | E80: =IF(D80>=1,"FALLECIDO",IF(C80>=1,"LESIONADO",IF(B80>=1,"SOLO DAÑO",""))) -> LESIONADO | F80: CARRERA 22 # 17 | G80: 5.3423139 | H80: -72.394836 | I80: MOVILIDAD | J80: URBANO | K80: =UPPER(TEXT(M80,"YYYY")) -> 2023 | L80: =UPPER(TEXT(M80,"MMMM")) -> DICIEMBRE | M80: 45275 | N80: =UPPER(TEXT(M80,"DDDD")) -> VIERNES | O80: 0.72916667 | P80: MOTOCICLETA | R80: =COUNTIF(Tabla1[[#This Row],[VEHICULOS_ACCIDENTADOS]:[VEHICULOS_ACCIDENTADOS2]],"MOTOCICLETA") -> 1 | S80: =COUNTIF(Tabla1[[#This Row],[VEHICULOS_ACCIDENTADOS]:[VEHICULOS_ACCIDENTADOS2]],"MOTOCARRO") -> 0 | T80: =COUNTIF(Tabla1[[#This Row],[VEHICULOS_ACCIDENTADOS]:[VEHICULOS_ACCIDENTADOS2]],"AUTOMOVIL") -> 0 | U80: =COUNTIF(Tabla1[[#This Row],[VEHICULOS_ACCIDENTADOS]:[VEHICULOS_ACCIDENTADOS2]],"CAMPERO") -> 0 | V80: =COUNTIF(Tabla1[[#This Row],[VEHICULOS_ACCIDENTADOS]:[VEHICULOS_ACCIDENTADOS2]],"CAMIONETA") -> 0 | W80: =COUNTIF(Tabla1[[#This Row],[VEHICULOS_ACCIDENTADOS]:[VEHICULOS_ACCIDENTADOS2]],"MICROBUS") -> 0 | X80: =COUNTIF(Tabla1[[#This Row],[VEHICULOS_ACCIDENTADOS]:[VEHICULOS_ACCIDENTADOS2]],"BUS") -> 0 | Y80: =COUNTIF(Tabla1[[#This Row],[VEHICULOS_ACCIDENTADOS]:[VEHICULOS_ACCIDENTADOS2]],"BUSETA") -> 0 | Z80: =COUNTIF(Tabla1[[#This Row],[VEHICULOS_ACCIDENTADOS]:[VEHICULOS_ACCIDENTADOS2]],"CAMION") -> 0 | AA80: =COUNTIF(Tabla1[[#This Row],[VEHICULOS_ACCIDENTADOS]:[VEHICULOS_ACCIDENTADOS2]],"TRACTOCAMION") -> 0 | AB80: =COUNTIF(Tabla1[[#This Row],[VEHICULOS_ACCIDENTADOS]:[VEHICULOS_ACCIDENTADOS2]],"VOLQUETA") -> 0 | AC80: =COUNTIF(Tabla1[[#This Row],[VEHICULOS_ACCIDENTADOS]:[VEHICULOS_ACCIDENTADOS2]],"BICICLETA") -> 0 | AD80: MASCULINO | AF80: =COUNTIF(Tabla1[[#This Row],[GENERO_MASCULINO]:[GENERO_FEMENINO]],"MASCULINO") -> 1 | AG80: =COUNTIF(Tabla1[[#This Row],[GENERO_MASCULINO]:[GENERO_FEMENINO]],"FEMENINO") -> 0 | AH80: 38 | AN80: 139 | AO80: =IFERROR(((VLOOKUP(Tabla1[[#This Row],[HIPOTESIS_1]],listas!$D$1:$E$105,2,FALSE))),"SIN INFORMACIÓN") -> Impericia en el manejo. | AP80: 157 | AQ80: =IFERROR(((VLOOKUP(Tabla1[[#This Row],[HIPOTESIS_2]],listas!$D$1:$E$105,2,FALSE))),"") -> Otra | AR80: =IF(HOUR(Tabla1[[#This Row],[HORA_ACCIDENTE]])<6,"MAÑANA", IF(HOUR(Tabla1[[#This Row],[HORA_ACCIDENTE]])<12,"MAÑANA", IF(HOUR(Tabla1[[#This Row],[HORA_ACCIDENTE]])<18,"TARDE","NOCHE"))) -> TARDE
A81: 959 | B81: 0 | C81: 1 | D81: 0 | E81: =IF(D81>=1,"FALLECIDO",IF(C81>=1,"LESIONADO",IF(B81>=1,"SOLO DAÑO",""))) -> LESIONADO | F81: CARRERA 23 # 24 | G81: 5.3373536 | H81: -72.391009 | I81: MOVILIDAD | J81: URBANO | K81: =UPPER(TEXT(M81,"YYYY")) -> 2025 | L81: =UPPER(TEXT(M81,"MMMM")) -> MAYO | M81: 45787 | N81: =UPPER(TEXT(M81,"DDDD")) -> SÁBADO | O81: 0.84722222 | P81: MOTOCICLETA | R81: =COUNTIF(Tabla1[[#This Row],[VEHICULOS_ACCIDENTADOS]:[VEHICULOS_ACCIDENTADOS2]],"MOTOCICLETA") -> 1 | S81: =COUNTIF(Tabla1[[#This Row],[VEHICULOS_ACCIDENTADOS]:[VEHICULOS_ACCIDENTADOS2]],"MOTOCARRO") -> 0 | T81: =COUNTIF(Tabla1[[#This Row],[VEHICULOS_ACCIDENTADOS]:[VEHICULOS_ACCIDENTADOS2]],"AUTOMOVIL") -> 0 | U81: =COUNTIF(Tabla1[[#This Row],[VEHICULOS_ACCIDENTADOS]:[VEHICULOS_ACCIDENTADOS2]],"CAMPERO") -> 0 | V81: =COUNTIF(Tabla1[[#This Row],[VEHICULOS_ACCIDENTADOS]:[VEHICULOS_ACCIDENTADOS2]],"CAMIONETA") -> 0 | W81: =COUNTIF(Tabla1[[#This Row],[VEHICULOS_ACCIDENTADOS]:[VEHICULOS_ACCIDENTADOS2]],"MICROBUS") -> 0 | X81: =COUNTIF(Tabla1[[#This Row],[VEHICULOS_ACCIDENTADOS]:[VEHICULOS_ACCIDENTADOS2]],"BUS") -> 0 | Y81: =COUNTIF(Tabla1[[#This Row],[VEHICULOS_ACCIDENTADOS]:[VEHICULOS_ACCIDENTADOS2]],"BUSETA") -> 0 | Z81: =COUNTIF(Tabla1[[#This Row],[VEHICULOS_ACCIDENTADOS]:[VEHICULOS_ACCIDENTADOS2]],"CAMION") -> 0 | AA81: =COUNTIF(Tabla1[[#This Row],[VEHICULOS_ACCIDENTADOS]:[VEHICULOS_ACCIDENTADOS2]],"TRACTOCAMION") -> 0 | AB81: =COUNTIF(Tabla1[[#This Row],[VEHICULOS_ACCIDENTADOS]:[VEHICULOS_ACCIDENTADOS2]],"VOLQUETA") -> 0 | AC81: =COUNTIF(Tabla1[[#This Row],[VEHICULOS_ACCIDENTADOS]:[VEHICULOS_ACCIDENTADOS2]],"BICICLETA") -> 0 | AD81: MASCULINO | AE81: FEMENINO | AF81: =COUNTIF(Tabla1[[#This Row],[GENERO_MASCULINO]:[GENERO_FEMENINO]],"MASCULINO") -> 1 | AG81: =COUNTIF(Tabla1[[#This Row],[GENERO_MASCULINO]:[GENERO_FEMENINO]],"FEMENINO") -> 1 | AH81: 18 | AI81: 13 | AN81: 139 | AO81: =IFERROR(((VLOOKUP(Tabla1[[#This Row],[HIPOTESIS_1]],listas!$D$1:$E$105,2,FALSE))),"SIN INFORMACIÓN") -> Impericia en el manejo. | AP81: 157 | AQ81: =IFERROR(((VLOOKUP(Tabla1[[#This Row],[HIPOTESIS_2]],listas!$D$1:$E$105,2,FALSE))),"") -> Otra | AR81: =IF(HOUR(Tabla1[[#This Row],[HORA_ACCIDENTE]])<6,"MAÑANA", IF(HOUR(Tabla1[[#This Row],[HORA_ACCIDENTE]])<12,"MAÑANA", IF(HOUR(Tabla1[[#This Row],[HORA_ACCIDENTE]])<18,"TARDE","NOCHE"))) -> NOCHE
A82: 658 | B82: 0 | C82: 1 | D82: 1 | E82: =IF(D82>=1,"FALLECIDO",IF(C82>=1,"LESIONADO",IF(B82>=1,"SOLO DAÑO",""))) -> FALLECIDO | F82: CARRERA 23 # 17 | G82: 5.3427833 | H82: -72.394019 | I82: MOVILIDAD | J82: URBANO | K82: =UPPER(TEXT(M82,"YYYY")) -> 2024 | L82: =UPPER(TEXT(M82,"MMMM")) -> FEBRERO | M82: 45328 | N82: =UPPER(TEXT(M82,"DDDD")) -> MARTES | O82: 0.66666667 | P82: MOTOCICLETA | Q82: AUTOMOVIL | R82: =COUNTIF(Tabla1[[#This Row],[VEHICULOS_ACCIDENTADOS]:[VEHICULOS_ACCIDENTADOS2]],"MOTOCICLETA") -> 1 | S82: =COUNTIF(Tabla1[[#This Row],[VEHICULOS_ACCIDENTADOS]:[VEHICULOS_ACCIDENTADOS2]],"MOTOCARRO") -> 0 | T82: =COUNTIF(Tabla1[[#This Row],[VEHICULOS_ACCIDENTADOS]:[VEHICULOS_ACCIDENTADOS2]],"AUTOMOVIL") -> 1 | U82: =COUNTIF(Tabla1[[#This Row],[VEHICULOS_ACCIDENTADOS]:[VEHICULOS_ACCIDENTADOS2]],"CAMPERO") -> 0 | V82: =COUNTIF(Tabla1[[#This Row],[VEHICULOS_ACCIDENTADOS]:[VEHICULOS_ACCIDENTADOS2]],"CAMIONETA") -> 0 | W82: =COUNTIF(Tabla1[[#This Row],[VEHICULOS_ACCIDENTADOS]:[VEHICULOS_ACCIDENTADOS2]],"MICROBUS") -> 0 | X82: =COUNTIF(Tabla1[[#This Row],[VEHICULOS_ACCIDENTADOS]:[VEHICULOS_ACCIDENTADOS2]],"BUS") -> 0 | Y82: =COUNTIF(Tabla1[[#This Row],[VEHICULOS_ACCIDENTADOS]:[VEHICULOS_ACCIDENTADOS2]],"BUSETA") -> 0 | Z82: =COUNTIF(Tabla1[[#This Row],[VEHICULOS_ACCIDENTADOS]:[VEHICULOS_ACCIDENTADOS2]],"CAMION") -> 0 | AA82: =COUNTIF(Tabla1[[#This Row],[VEHICULOS_ACCIDENTADOS]:[VEHICULOS_ACCIDENTADOS2]],"TRACTOCAMION") -> 0 | AB82: =COUNTIF(Tabla1[[#This Row],[VEHICULOS_ACCIDENTADOS]:[VEHICULOS_ACCIDENTADOS2]],"VOLQUETA") -> 0 | AC82: =COUNTIF(Tabla1[[#This Row],[VEHICULOS_ACCIDENTADOS]:[VEHICULOS_ACCIDENTADOS2]],"BICICLETA") -> 0 | AD82: MASCULINO | AE82: FEMENINO | AF82: =COUNTIF(Tabla1[[#This Row],[GENERO_MASCULINO]:[GENERO_FEMENINO]],"MASCULINO") -> 1 | AG82: =COUNTIF(Tabla1[[#This Row],[GENERO_MASCULINO]:[GENERO_FEMENINO]],"FEMENINO") -> 1 | AH82: 55 | AJ82: 25 | AM82: 23 | AN82: 112 | AO82: =IFERROR(((VLOOKUP(Tabla1[[#This Row],[HIPOTESIS_1]],listas!$D$1:$E$105,2,FALSE))),"SIN INFORMACIÓN") -> Desobedecer señales o normas de tránsito. | AP82: 157 | AQ82: =IFERROR(((VLOOKUP(Tabla1[[#This Row],[HIPOTESIS_2]],listas!$D$1:$E$105,2,FALSE))),"") -> Otra | AR82: =IF(HOUR(Tabla1[[#This Row],[HORA_ACCIDENTE]])<6,"MAÑANA", IF(HOUR(Tabla1[[#This Row],[HORA_ACCIDENTE]])<12,"MAÑANA", IF(HOUR(Tabla1[[#This Row],[HORA_ACCIDENTE]])<18,"TARDE","NOCHE"))) -> TARDE
A83: 937 | B83: 0 | C83: 1 | D83: 0 | E83: =IF(D83>=1,"FALLECIDO",IF(C83>=1,"LESIONADO",IF(B83>=1,"SOLO DAÑO",""))) -> LESIONADO | F83: CARRERA 23 # 22 | G83: 5.33887 | H83: -72.39185 | I83: MOVILIDAD | J83: URBANO | K83: =UPPER(TEXT(M83,"YYYY")) -> 2025 | L83: =UPPER(TEXT(M83,"MMMM")) -> ABRIL | M83: 45762 | N83: =UPPER(TEXT(M83,"DDDD")) -> MARTES | O83: 0.58680556 | P83: CAMIONETA | Q83: MOTOCICLETA | R83: =COUNTIF(Tabla1[[#This Row],[VEHICULOS_ACCIDENTADOS]:[VEHICULOS_ACCIDENTADOS2]],"MOTOCICLETA") -> 1 | S83: =COUNTIF(Tabla1[[#This Row],[VEHICULOS_ACCIDENTADOS]:[VEHICULOS_ACCIDENTADOS2]],"MOTOCARRO") -> 0 | T83: =COUNTIF(Tabla1[[#This Row],[VEHICULOS_ACCIDENTADOS]:[VEHICULOS_ACCIDENTADOS2]],"AUTOMOVIL") -> 0 | U83: =COUNTIF(Tabla1[[#This Row],[VEHICULOS_ACCIDENTADOS]:[VEHICULOS_ACCIDENTADOS2]],"CAMPERO") -> 0 | V83: =COUNTIF(Tabla1[[#This Row],[VEHICULOS_ACCIDENTADOS]:[VEHICULOS_ACCIDENTADOS2]],"CAMIONETA") -> 1 | W83: =COUNTIF(Tabla1[[#This Row],[VEHICULOS_ACCIDENTADOS]:[VEHICULOS_ACCIDENTADOS2]],"MICROBUS") -> 0 | X83: =COUNTIF(Tabla1[[#This Row],[VEHICULOS_ACCIDENTADOS]:[VEHICULOS_ACCIDENTADOS2]],"BUS") -> 0 | Y83: =COUNTIF(Tabla1[[#This Row],[VEHICULOS_ACCIDENTADOS]:[VEHICULOS_ACCIDENTADOS2]],"BUSETA") -> 0 | Z83: =COUNTIF(Tabla1[[#This Row],[VEHICULOS_ACCIDENTADOS]:[VEHICULOS_ACCIDENTADOS2]],"CAMION") -> 0 | AA83: =COUNTIF(Tabla1[[#This Row],[VEHICULOS_ACCIDENTADOS]:[VEHICULOS_ACCIDENTADOS2]],"TRACTOCAMION") -> 0 | AB83: =COUNTIF(Tabla1[[#This Row],[VEHICULOS_ACCIDENTADOS]:[VEHICULOS_ACCIDENTADOS2]],"VOLQUETA") -> 0 | AC83: =COUNTIF(Tabla1[[#This Row],[VEHICULOS_ACCIDENTADOS]:[VEHICULOS_ACCIDENTADOS2]],"BICICLETA") -> 0 | AD83: MASCULINO | AE83: MASCULINO | AF83: =COUNTIF(Tabla1[[#This Row],[GENERO_MASCULINO]:[GENERO_FEMENINO]],"MASCULINO") -> 2 | AG83: =COUNTIF(Tabla1[[#This Row],[GENERO_MASCULINO]:[GENERO_FEMENINO]],"FEMENINO") -> 0 | AH83: 30 | AI83: 36 | AN83: 112 | AO83: =IFERROR(((VLOOKUP(Tabla1[[#This Row],[HIPOTESIS_1]],listas!$D$1:$E$105,2,FALSE))),"SIN INFORMACIÓN") -> Desobedecer señales o normas de tránsito. | AP83: 157 | AQ83: =IFERROR(((VLOOKUP(Tabla1[[#This Row],[HIPOTESIS_2]],listas!$D$1:$E$105,2,FALSE))),"") -> Otra | AR83: =IF(HOUR(Tabla1[[#This Row],[HORA_ACCIDENTE]])<6,"MAÑANA", IF(HOUR(Tabla1[[#This Row],[HORA_ACCIDENTE]])<12,"MAÑANA", IF(HOUR(Tabla1[[#This Row],[HORA_ACCIDENTE]])<18,"TARDE","NOCHE"))) -> TARDE
A84: 721 | B84: 0 | C84: 2 | D84: 0 | E84: =IF(D84>=1,"FALLECIDO",IF(C84>=1,"LESIONADO",IF(B84>=1,"SOLO DAÑO",""))) -> LESIONADO | F84: CARRERA 23 # 26 | G84: 5.3357389 | H84: -72.390136 | I84: MOVILIDAD | J84: URBANO | K84: =UPPER(TEXT(M84,"YYYY")) -> 2024 | L84: =UPPER(TEXT(M84,"MMMM")) -> MAYO | M84: 45443 | N84: =UPPER(TEXT(M84,"DDDD")) -> VIERNES | O84: 0.72916667 | P84: MOTOCICLETA | R84: =COUNTIF(Tabla1[[#This Row],[VEHICULOS_ACCIDENTADOS]:[VEHICULOS_ACCIDENTADOS2]],"MOTOCICLETA") -> 1 | S84: =COUNTIF(Tabla1[[#This Row],[VEHICULOS_ACCIDENTADOS]:[VEHICULOS_ACCIDENTADOS2]],"MOTOCARRO") -> 0 | T84: =COUNTIF(Tabla1[[#This Row],[VEHICULOS_ACCIDENTADOS]:[VEHICULOS_ACCIDENTADOS2]],"AUTOMOVIL") -> 0 | U84: =COUNTIF(Tabla1[[#This Row],[VEHICULOS_ACCIDENTADOS]:[VEHICULOS_ACCIDENTADOS2]],"CAMPERO") -> 0 | V84: =COUNTIF(Tabla1[[#This Row],[VEHICULOS_ACCIDENTADOS]:[VEHICULOS_ACCIDENTADOS2]],"CAMIONETA") -> 0 | W84: =COUNTIF(Tabla1[[#This Row],[VEHICULOS_ACCIDENTADOS]:[VEHICULOS_ACCIDENTADOS2]],"MICROBUS") -> 0 | X84: =COUNTIF(Tabla1[[#This Row],[VEHICULOS_ACCIDENTADOS]:[VEHICULOS_ACCIDENTADOS2]],"BUS") -> 0 | Y84: =COUNTIF(Tabla1[[#This Row],[VEHICULOS_ACCIDENTADOS]:[VEHICULOS_ACCIDENTADOS2]],"BUSETA") -> 0 | Z84: =COUNTIF(Tabla1[[#This Row],[VEHICULOS_ACCIDENTADOS]:[VEHICULOS_ACCIDENTADOS2]],"CAMION") -> 0 | AA84: =COUNTIF(Tabla1[[#This Row],[VEHICULOS_ACCIDENTADOS]:[VEHICULOS_ACCIDENTADOS2]],"TRACTOCAMION") -> 0 | AB84: =COUNTIF(Tabla1[[#This Row],[VEHICULOS_ACCIDENTADOS]:[VEHICULOS_ACCIDENTADOS2]],"VOLQUETA") -> 0 | AC84: =COUNTIF(Tabla1[[#This Row],[VEHICULOS_ACCIDENTADOS]:[VEHICULOS_ACCIDENTADOS2]],"BICICLETA") -> 0 | AD84: MASCULINO | AF84: =COUNTIF(Tabla1[[#This Row],[GENERO_MASCULINO]:[GENERO_FEMENINO]],"MASCULINO") -> 1 | AG84: =COUNTIF(Tabla1[[#This Row],[GENERO_MASCULINO]:[GENERO_FEMENINO]],"FEMENINO") -> 0 | AH84: 20 | AI84: 68 | AN84: 157 | AO84: =IFERROR(((VLOOKUP(Tabla1[[#This Row],[HIPOTESIS_1]],listas!$D$1:$E$105,2,FALSE))),"SIN INFORMACIÓN") -> Otra | AP84: 157 | AQ84: =IFERROR(((VLOOKUP(Tabla1[[#This Row],[HIPOTESIS_2]],listas!$D$1:$E$105,2,FALSE))),"") -> Otra | AR84: =IF(HOUR(Tabla1[[#This Row],[HORA_ACCIDENTE]])<6,"MAÑANA", IF(HOUR(Tabla1[[#This Row],[HORA_ACCIDENTE]])<12,"MAÑANA", IF(HOUR(Tabla1[[#This Row],[HORA_ACCIDENTE]])<18,"TARDE","NOCHE"))) -> TARDE
A85: 680 | B85: 0 | C85: 0 | D85: 1 | E85: =IF(D85>=1,"FALLECIDO",IF(C85>=1,"LESIONADO",IF(B85>=1,"SOLO DAÑO",""))) -> FALLECIDO | F85: CARRERA 23 # 30 | G85: 5.3325028 | H85: -72.388478 | I85: MOVILIDAD | J85: URBANO | K85: =UPPER(TEXT(M85,"YYYY")) -> 2024 | L85: =UPPER(TEXT(M85,"MMMM")) -> MARZO | M85: 45368 | N85: =UPPER(TEXT(M85,"DDDD")) -> DOMINGO | O85: 0.20138889 | P85: MOTOCICLETA | Q85: CAMIONETA | R85: =COUNTIF(Tabla1[[#This Row],[VEHICULOS_ACCIDENTADOS]:[VEHICULOS_ACCIDENTADOS2]],"MOTOCICLETA") -> 1 | S85: =COUNTIF(Tabla1[[#This Row],[VEHICULOS_ACCIDENTADOS]:[VEHICULOS_ACCIDENTADOS2]],"MOTOCARRO") -> 0 | T85: =COUNTIF(Tabla1[[#This Row],[VEHICULOS_ACCIDENTADOS]:[VEHICULOS_ACCIDENTADOS2]],"AUTOMOVIL") -> 0 | U85: =COUNTIF(Tabla1[[#This Row],[VEHICULOS_ACCIDENTADOS]:[VEHICULOS_ACCIDENTADOS2]],"CAMPERO") -> 0 | V85: =COUNTIF(Tabla1[[#This Row],[VEHICULOS_ACCIDENTADOS]:[VEHICULOS_ACCIDENTADOS2]],"CAMIONETA") -> 1 | W85: =COUNTIF(Tabla1[[#This Row],[VEHICULOS_ACCIDENTADOS]:[VEHICULOS_ACCIDENTADOS2]],"MICROBUS") -> 0 | X85: =COUNTIF(Tabla1[[#This Row],[VEHICULOS_ACCIDENTADOS]:[VEHICULOS_ACCIDENTADOS2]],"BUS") -> 0 | Y85: =COUNTIF(Tabla1[[#This Row],[VEHICULOS_ACCIDENTADOS]:[VEHICULOS_ACCIDENTADOS2]],"BUSETA") -> 0 | Z85: =COUNTIF(Tabla1[[#This Row],[VEHICULOS_ACCIDENTADOS]:[VEHICULOS_ACCIDENTADOS2]],"CAMION") -> 0 | AA85: =COUNTIF(Tabla1[[#This Row],[VEHICULOS_ACCIDENTADOS]:[VEHICULOS_ACCIDENTADOS2]],"TRACTOCAMION") -> 0 | AB85: =COUNTIF(Tabla1[[#This Row],[VEHICULOS_ACCIDENTADOS]:[VEHICULOS_ACCIDENTADOS2]],"VOLQUETA") -> 0 | AC85: =COUNTIF(Tabla1[[#This Row],[VEHICULOS_ACCIDENTADOS]:[VEHICULOS_ACCIDENTADOS2]],"BICICLETA") -> 0 | AD85: MASCULINO | AF85: =COUNTIF(Tabla1[[#This Row],[GENERO_MASCULINO]:[GENERO_FEMENINO]],"MASCULINO") -> 1 | AG85: =COUNTIF(Tabla1[[#This Row],[GENERO_MASCULINO]:[GENERO_FEMENINO]],"FEMENINO") -> 0 | AH85: 40 | AI85: 28 | AM85: 40 | AN85: 157 | AO85: =IFERROR(((VLOOKUP(Tabla1[[#This Row],[HIPOTESIS_1]],listas!$D$1:$E$105,2,FALSE))),"SIN INFORMACIÓN") -> Otra | AP85: 157 | AQ85: =IFERROR(((VLOOKUP(Tabla1[[#This Row],[HIPOTESIS_2]],listas!$D$1:$E$105,2,FALSE))),"") -> Otra | AR85: =IF(HOUR(Tabla1[[#This Row],[HORA_ACCIDENTE]])<6,"MAÑANA", IF(HOUR(Tabla1[[#This Row],[HORA_ACCIDENTE]])<12,"MAÑANA", IF(HOUR(Tabla1[[#This Row],[HORA_ACCIDENTE]])<18,"TARDE","NOCHE"))) -> MAÑANA
